,schedule_season,team_home,team_away,team_favorite_id,spread_favorite,score_home,score_away,Favourite_Win,Favourtie_Cover,H_or_W_Win
11610,2016,DEN,CAR,CAR,3.0,21.0,20.0,favel,not_covered,homew
11611,2016,ARI,NE,ARI,8.5,21.0,23.0,favel,not_covered,awayw
11612,2016,ATL,TB,ATL,2.5,24.0,31.0,favel,not_covered,awayw
11613,2016,BAL,BUF,BAL,3.0,13.0,7.0,favew,covered,homew
11614,2016,DAL,NYG,NYG,1.0,19.0,20.0,favew,PUSH,awayw
11615,2016,HOU,CHI,HOU,5.5,23.0,14.0,favew,covered,homew
11616,2016,IND,DET,IND,2.5,35.0,39.0,favel,not_covered,awayw
11617,2016,JAX,GB,GB,3.5,23.0,27.0,favew,covered,awayw
11618,2016,KC,LAC,KC,6.5,33.0,27.0,favew,not_covered,homew
11619,2016,NO,OAK,NO,3.0,34.0,35.0,favel,not_covered,awayw
11620,2016,NYJ,CIN,CIN,1.0,22.0,23.0,favew,PUSH,awayw
11621,2016,PHI,CLE,PHI,3.5,29.0,10.0,favew,covered,homew
11622,2016,SEA,MIA,SEA,10.5,12.0,10.0,favew,not_covered,homew
11623,2016,TEN,MIN,MIN,2.5,16.0,25.0,favew,covered,awayw
11624,2016,SF,LAR,LAR,2.5,28.0,0.0,favel,not_covered,homew
11625,2016,WAS,PIT,PIT,2.5,16.0,38.0,favew,covered,awayw
11626,2016,BUF,NYJ,PICK,0.0,31.0,37.0,WASH,PUSH,awayw
11627,2016,ARI,TB,ARI,7.0,40.0,7.0,favew,covered,homew
11628,2016,CAR,SF,CAR,12.5,46.0,27.0,favew,covered,homew
11629,2016,CLE,BAL,BAL,4.5,20.0,25.0,favew,covered,awayw
11630,2016,DEN,IND,DEN,6.0,34.0,20.0,favew,covered,homew
11631,2016,DET,TEN,DET,6.0,15.0,16.0,favel,not_covered,awayw
11632,2016,HOU,KC,HOU,1.0,19.0,12.0,favew,covered,homew
11633,2016,LAR,SEA,SEA,5.5,9.0,3.0,favel,not_covered,homew
11634,2016,MIN,GB,GB,2.0,17.0,14.0,favel,not_covered,homew
11635,2016,NE,MIA,NE,5.5,31.0,24.0,favew,covered,homew
11636,2016,NYG,NO,NYG,4.0,16.0,13.0,favew,not_covered,homew
11637,2016,OAK,ATL,OAK,4.0,28.0,35.0,favel,not_covered,awayw
11638,2016,PIT,CIN,PIT,3.0,24.0,16.0,favew,covered,homew
11639,2016,LAC,JAX,LAC,3.0,38.0,14.0,favew,covered,homew
11640,2016,WAS,DAL,WAS,3.0,23.0,27.0,favel,not_covered,awayw
11641,2016,CHI,PHI,CHI,3.0,14.0,29.0,favel,not_covered,awayw
11642,2016,NE,HOU,NE,1.0,27.0,0.0,favew,covered,homew
11643,2016,BUF,ARI,ARI,5.0,33.0,18.0,favel,not_covered,homew
11644,2016,CAR,MIN,CAR,6.5,10.0,22.0,favel,not_covered,awayw
11645,2016,CIN,DEN,CIN,3.5,17.0,29.0,favel,not_covered,awayw
11646,2016,DAL,CHI,DAL,6.5,31.0,17.0,favew,covered,homew
11647,2016,GB,DET,GB,6.5,34.0,27.0,favew,covered,homew
11648,2016,IND,LAC,IND,1.5,26.0,22.0,favew,covered,homew
11649,2016,JAX,BAL,BAL,2.0,17.0,19.0,favew,PUSH,awayw
11650,2016,KC,NYJ,KC,3.0,24.0,3.0,favew,covered,homew
11651,2016,MIA,CLE,MIA,10.0,30.0,24.0,favew,not_covered,homew
11652,2016,NYG,WAS,NYG,3.5,27.0,29.0,favel,not_covered,awayw
11653,2016,PHI,PIT,PIT,4.0,34.0,3.0,favel,not_covered,homew
11654,2016,SEA,SF,SEA,10.5,37.0,18.0,favew,covered,homew
11655,2016,TB,LAR,TB,3.5,32.0,37.0,favel,not_covered,awayw
11656,2016,TEN,OAK,OAK,1.5,10.0,17.0,favew,covered,awayw
11657,2016,NO,ATL,NO,3.0,32.0,45.0,favel,not_covered,awayw
11658,2016,CIN,MIA,CIN,7.5,22.0,7.0,favew,covered,homew
11659,2016,ARI,LAR,ARI,10.0,13.0,17.0,favel,not_covered,awayw
11660,2016,ATL,CAR,CAR,3.0,48.0,33.0,favel,not_covered,homew
11661,2016,BAL,OAK,BAL,3.5,27.0,28.0,favel,not_covered,awayw
11662,2016,CHI,DET,DET,3.0,17.0,14.0,favel,not_covered,homew
11663,2016,HOU,TEN,HOU,3.5,27.0,20.0,favew,covered,homew
11664,2016,JAX,IND,IND,1.0,30.0,27.0,favel,not_covered,homew
11665,2016,NE,BUF,NE,3.5,0.0,16.0,favel,not_covered,awayw
11666,2016,NYJ,SEA,SEA,1.0,17.0,27.0,favew,covered,awayw
11667,2016,PIT,KC,PIT,3.5,43.0,14.0,favew,covered,homew
11668,2016,LAC,NO,LAC,3.5,34.0,35.0,favel,not_covered,awayw
11669,2016,SF,DAL,DAL,1.0,17.0,24.0,favew,covered,awayw
11670,2016,TB,DEN,DEN,3.0,7.0,27.0,favew,covered,awayw
11671,2016,WAS,CLE,WAS,7.5,31.0,20.0,favew,covered,homew
11672,2016,MIN,NYG,MIN,3.5,24.0,10.0,favew,covered,homew
11673,2016,SF,ARI,ARI,3.5,21.0,33.0,favew,covered,awayw
11674,2016,BAL,WAS,BAL,4.0,10.0,16.0,favel,not_covered,awayw
11675,2016,CLE,NE,NE,10.0,13.0,33.0,favew,covered,awayw
11676,2016,DAL,CIN,CIN,2.5,28.0,14.0,favel,not_covered,homew
11677,2016,DEN,ATL,DEN,3.5,16.0,23.0,favel,not_covered,awayw
11678,2016,DET,PHI,PHI,3.5,24.0,23.0,favel,not_covered,homew
11679,2016,GB,NYG,GB,7.0,23.0,16.0,favew,PUSH,homew
11680,2016,IND,CHI,IND,4.0,29.0,23.0,favew,covered,homew
11681,2016,LAR,BUF,BUF,2.5,19.0,30.0,favew,covered,awayw
11682,2016,MIA,TEN,MIA,2.5,17.0,30.0,favel,not_covered,awayw
11683,2016,MIN,HOU,MIN,6.0,31.0,13.0,favew,covered,homew
11684,2016,OAK,LAC,OAK,3.5,34.0,31.0,favew,not_covered,homew
11685,2016,PIT,NYJ,PIT,10.0,31.0,13.0,favew,covered,homew
11686,2016,CAR,TB,CAR,6.0,14.0,17.0,favel,not_covered,awayw
11687,2016,LAC,DEN,DEN,3.0,21.0,13.0,favel,not_covered,homew
11688,2016,BUF,SF,BUF,7.5,45.0,16.0,favew,covered,homew
11689,2016,CHI,JAX,CHI,2.5,16.0,17.0,favel,not_covered,awayw
11690,2016,DET,LAR,DET,2.5,31.0,28.0,favew,covered,homew
11691,2016,GB,DAL,GB,5.0,16.0,30.0,favel,not_covered,awayw
11692,2016,HOU,IND,HOU,3.0,26.0,23.0,favew,PUSH,homew
11693,2016,MIA,PIT,PIT,7.5,30.0,15.0,favel,not_covered,homew
11694,2016,NE,CIN,NE,7.5,35.0,17.0,favew,covered,homew
11695,2016,NO,CAR,CAR,2.5,41.0,38.0,favel,not_covered,homew
11696,2016,NYG,BAL,NYG,3.5,27.0,23.0,favew,covered,homew
11697,2016,OAK,KC,KC,1.0,10.0,26.0,favew,covered,awayw
11698,2016,SEA,ATL,SEA,7.0,26.0,24.0,favew,not_covered,homew
11699,2016,TEN,CLE,TEN,7.5,28.0,26.0,favew,not_covered,homew
11700,2016,WAS,PHI,PHI,3.0,27.0,20.0,favel,not_covered,homew
11701,2016,ARI,NYJ,ARI,7.0,28.0,3.0,favew,covered,homew
11702,2016,GB,CHI,GB,7.5,26.0,10.0,favew,covered,homew
11703,2016,ARI,SEA,ARI,2.5,6.0,6.0,favel,not_covered,tie
11704,2016,ATL,LAC,ATL,4.5,30.0,33.0,favel,not_covered,awayw
11705,2016,CIN,CLE,CIN,11.0,31.0,17.0,favew,covered,homew
11706,2016,DET,WAS,WAS,1.0,20.0,17.0,favel,not_covered,homew
11707,2016,JAX,OAK,JAX,2.0,16.0,33.0,favel,not_covered,awayw
11708,2016,KC,NO,KC,7.0,27.0,21.0,favew,not_covered,homew
11709,2016,LAR,NYG,NYG,2.5,10.0,17.0,favew,covered,awayw
11710,2016,MIA,BUF,BUF,2.5,28.0,25.0,favel,not_covered,homew
11711,2016,NYJ,BAL,NYJ,2.5,24.0,16.0,favew,covered,homew
11712,2016,PHI,MIN,MIN,3.0,21.0,10.0,favel,not_covered,homew
11713,2016,PIT,NE,NE,7.5,16.0,27.0,favew,covered,awayw
11714,2016,SF,TB,SF,1.0,17.0,34.0,favel,not_covered,awayw
11715,2016,TEN,IND,TEN,4.0,26.0,34.0,favel,not_covered,awayw
11716,2016,DEN,HOU,DEN,8.5,27.0,9.0,favew,covered,homew
11717,2016,TEN,JAX,TEN,3.0,36.0,22.0,favew,covered,homew
11718,2016,ATL,GB,ATL,3.0,33.0,32.0,favew,not_covered,homew
11719,2016,BUF,NE,NE,5.5,25.0,41.0,favew,covered,awayw
11720,2016,CAR,ARI,CAR,2.5,30.0,20.0,favew,covered,homew
11721,2016,CIN,WAS,CIN,3.0,27.0,27.0,favel,not_covered,tie
11722,2016,CLE,NYJ,NYJ,2.5,28.0,31.0,favew,covered,awayw
11723,2016,DAL,PHI,DAL,5.0,29.0,23.0,favew,covered,homew
11724,2016,DEN,LAC,DEN,3.5,27.0,19.0,favew,covered,homew
11725,2016,HOU,DET,HOU,1.0,20.0,13.0,favew,covered,homew
11726,2016,IND,KC,KC,3.0,14.0,30.0,favew,covered,awayw
11727,2016,NO,SEA,SEA,1.0,25.0,20.0,favel,not_covered,homew
11728,2016,TB,OAK,TB,1.0,24.0,30.0,favel,not_covered,awayw
11729,2016,CHI,MIN,MIN,4.5,20.0,10.0,favel,not_covered,homew
11730,2016,TB,ATL,ATL,4.5,28.0,43.0,favew,covered,awayw
11731,2016,BAL,PIT,PIT,3.5,21.0,14.0,favel,not_covered,homew
11732,2016,CLE,DAL,DAL,7.0,10.0,35.0,favew,covered,awayw
11733,2016,GB,IND,GB,7.5,26.0,31.0,favel,not_covered,awayw
11734,2016,KC,JAX,KC,7.0,19.0,14.0,favew,not_covered,homew
11735,2016,LAR,CAR,CAR,3.0,10.0,13.0,favew,PUSH,awayw
11736,2016,MIA,NYJ,MIA,3.5,27.0,23.0,favew,covered,homew
11737,2016,MIN,DET,MIN,4.5,16.0,22.0,favel,not_covered,awayw
11738,2016,NYG,PHI,NYG,3.0,28.0,23.0,favew,covered,homew
11739,2016,OAK,DEN,OAK,1.0,30.0,20.0,favew,covered,homew
11740,2016,LAC,TEN,LAC,3.5,43.0,35.0,favew,covered,homew
11741,2016,SF,NO,NO,5.0,23.0,41.0,favew,covered,awayw
11742,2016,SEA,BUF,SEA,5.5,31.0,25.0,favew,covered,homew
11743,2016,BAL,CLE,BAL,7.5,28.0,7.0,favew,covered,homew
11744,2016,ARI,SF,ARI,14.0,23.0,20.0,favew,not_covered,homew
11745,2016,CAR,KC,CAR,3.0,17.0,20.0,favel,not_covered,awayw
11746,2016,JAX,HOU,JAX,3.0,21.0,24.0,favel,not_covered,awayw
11747,2016,NE,SEA,NE,7.5,24.0,31.0,favel,not_covered,awayw
11748,2016,NO,DEN,NO,3.0,23.0,25.0,favel,not_covered,awayw
11749,2016,NYJ,LAR,LAR,1.0,6.0,9.0,favew,covered,awayw
11750,2016,PHI,ATL,PHI,1.5,24.0,15.0,favew,covered,homew
11751,2016,PIT,DAL,PIT,3.0,30.0,35.0,favel,not_covered,awayw
11752,2016,LAC,MIA,LAC,4.5,24.0,31.0,favel,not_covered,awayw
11753,2016,TB,CHI,CHI,2.5,36.0,10.0,favel,not_covered,homew
11754,2016,TEN,GB,GB,3.0,47.0,25.0,favel,not_covered,homew
11755,2016,WAS,MIN,WAS,2.5,26.0,20.0,favew,covered,homew
11756,2016,NYG,CIN,PICK,0.0,21.0,20.0,WASH,PUSH,homew
11757,2016,CAR,NO,CAR,3.5,23.0,20.0,favew,not_covered,homew
11758,2016,CIN,BUF,CIN,2.5,12.0,16.0,favel,not_covered,awayw
11759,2016,CLE,PIT,PIT,8.5,9.0,24.0,favew,covered,awayw
11760,2016,DAL,BAL,DAL,7.0,27.0,17.0,favew,covered,homew
11761,2016,DET,JAX,DET,5.5,26.0,19.0,favew,covered,homew
11762,2016,IND,TEN,IND,3.0,24.0,17.0,favew,covered,homew
11763,2016,KC,TB,KC,7.0,17.0,19.0,favel,not_covered,awayw
11764,2016,LAR,MIA,MIA,1.0,10.0,14.0,favew,covered,awayw
11765,2016,MIN,ARI,MIN,2.0,30.0,24.0,favew,covered,homew
11766,2016,NYG,CHI,NYG,7.0,22.0,16.0,favew,not_covered,homew
11767,2016,SF,NE,NE,11.5,17.0,30.0,favew,covered,awayw
11768,2016,SEA,PHI,SEA,6.5,26.0,15.0,favew,covered,homew
11769,2016,WAS,GB,WAS,3.0,42.0,24.0,favew,covered,homew
11770,2016,OAK,HOU,OAK,6.5,27.0,20.0,favew,covered,homew
11771,2016,DAL,WAS,DAL,6.0,31.0,26.0,favew,not_covered,homew
11772,2016,DET,MIN,DET,1.5,16.0,13.0,favew,covered,homew
11773,2016,IND,PIT,PIT,8.5,7.0,28.0,favew,covered,awayw
11774,2016,ATL,ARI,ATL,4.0,38.0,19.0,favew,covered,homew
11775,2016,BAL,CIN,BAL,3.5,19.0,14.0,favew,covered,homew
11776,2016,BUF,JAX,BUF,8.5,28.0,21.0,favew,not_covered,homew
11777,2016,CHI,TEN,TEN,6.5,21.0,27.0,favew,not_covered,awayw
11778,2016,CLE,NYG,NYG,6.5,13.0,27.0,favew,covered,awayw
11779,2016,DEN,KC,DEN,3.5,27.0,30.0,favel,not_covered,awayw
11780,2016,HOU,LAC,LAC,2.5,13.0,21.0,favew,covered,awayw
11781,2016,MIA,SF,MIA,7.0,31.0,24.0,favew,PUSH,homew
11782,2016,NO,LAR,NO,8.0,49.0,21.0,favew,covered,homew
11783,2016,NYJ,NE,NE,9.5,17.0,22.0,favew,not_covered,awayw
11784,2016,OAK,CAR,OAK,3.5,35.0,32.0,favew,not_covered,homew
11785,2016,TB,SEA,SEA,5.5,14.0,5.0,favel,not_covered,homew
11786,2016,PHI,GB,PHI,4.0,13.0,27.0,favel,not_covered,awayw
11787,2016,MIN,DAL,DAL,3.0,15.0,17.0,favew,not_covered,awayw
11788,2016,ARI,WAS,ARI,2.5,31.0,23.0,favew,covered,homew
11789,2016,ATL,KC,ATL,5.0,28.0,29.0,favel,not_covered,awayw
11790,2016,BAL,MIA,BAL,3.5,38.0,6.0,favew,covered,homew
11791,2016,CHI,SF,SF,1.0,26.0,6.0,favel,not_covered,homew
11792,2016,CIN,PHI,CIN,1.5,32.0,14.0,favew,covered,homew
11793,2016,GB,HOU,GB,7.0,21.0,13.0,favew,covered,homew
11794,2016,JAX,DEN,DEN,3.5,10.0,20.0,favew,covered,awayw
11795,2016,NE,LAR,NE,13.5,26.0,10.0,favew,covered,homew
11796,2016,NO,DET,NO,6.5,13.0,28.0,favel,not_covered,awayw
11797,2016,OAK,BUF,OAK,3.0,38.0,24.0,favew,covered,homew
11798,2016,PIT,NYG,PIT,6.5,24.0,14.0,favew,covered,homew
11799,2016,LAC,TB,LAC,3.5,21.0,28.0,favel,not_covered,awayw
11800,2016,SEA,CAR,SEA,8.5,40.0,7.0,favew,covered,homew
11801,2016,NYJ,IND,NYJ,1.0,10.0,41.0,favel,not_covered,awayw
11802,2016,KC,OAK,KC,3.5,21.0,13.0,favew,covered,homew
11803,2016,BUF,PIT,PIT,2.0,20.0,27.0,favew,covered,awayw
11804,2016,CAR,LAC,CAR,1.0,28.0,16.0,favew,covered,homew
11805,2016,CLE,CIN,CIN,5.0,10.0,23.0,favew,covered,awayw
11806,2016,DET,CHI,DET,7.5,20.0,17.0,favew,not_covered,homew
11807,2016,GB,SEA,SEA,3.0,38.0,10.0,favel,not_covered,homew
11808,2016,IND,HOU,IND,6.5,17.0,22.0,favel,not_covered,awayw
11809,2016,JAX,MIN,MIN,3.5,16.0,25.0,favew,covered,awayw
11810,2016,LAR,ATL,ATL,5.0,14.0,42.0,favew,covered,awayw
11811,2016,MIA,ARI,ARI,2.0,26.0,23.0,favel,not_covered,homew
11812,2016,NYG,DAL,DAL,3.5,10.0,7.0,favel,not_covered,homew
11813,2016,PHI,WAS,WAS,2.5,22.0,27.0,favew,covered,awayw
11814,2016,SF,NYJ,SF,3.0,17.0,23.0,favel,not_covered,awayw
11815,2016,TB,NO,TB,2.0,16.0,11.0,favew,covered,homew
11816,2016,TEN,DEN,TEN,2.0,13.0,10.0,favew,covered,homew
11817,2016,NE,BAL,NE,6.0,30.0,23.0,favew,covered,homew
11818,2016,SEA,LAR,SEA,15.0,24.0,3.0,favew,covered,homew
11819,2016,NYJ,MIA,MIA,2.5,13.0,34.0,favew,covered,awayw
11820,2016,ARI,NO,ARI,3.0,41.0,48.0,favel,not_covered,awayw
11821,2016,ATL,SF,ATL,13.5,41.0,13.0,favew,covered,homew
11822,2016,BAL,PHI,BAL,5.0,27.0,26.0,favew,not_covered,homew
11823,2016,BUF,CLE,BUF,10.5,33.0,13.0,favew,covered,homew
11824,2016,CHI,GB,GB,4.5,27.0,30.0,favew,not_covered,awayw
11825,2016,CIN,PIT,PIT,3.0,20.0,24.0,favew,covered,awayw
11826,2016,DAL,TB,DAL,7.0,26.0,20.0,favew,not_covered,homew
11827,2016,DEN,NE,NE,3.0,3.0,16.0,favew,covered,awayw
11828,2016,HOU,JAX,HOU,3.5,21.0,20.0,favew,not_covered,homew
11829,2016,KC,TEN,KC,6.0,17.0,19.0,favel,not_covered,awayw
11830,2016,MIN,IND,MIN,5.0,6.0,34.0,favel,not_covered,awayw
11831,2016,NYG,DET,NYG,4.0,17.0,6.0,favew,covered,homew
11832,2016,LAC,OAK,OAK,2.5,16.0,19.0,favew,covered,awayw
11833,2016,WAS,CAR,WAS,7.0,15.0,26.0,favel,not_covered,awayw
11834,2016,PHI,NYG,PHI,1.5,24.0,19.0,favew,covered,homew
11835,2016,BUF,MIA,BUF,4.5,31.0,34.0,favel,not_covered,awayw
11836,2016,CAR,ATL,ATL,3.0,16.0,33.0,favew,covered,awayw
11837,2016,CHI,WAS,WAS,3.0,21.0,41.0,favew,covered,awayw
11838,2016,CLE,LAC,LAC,4.5,20.0,17.0,favel,not_covered,homew
11839,2016,GB,MIN,GB,6.0,38.0,25.0,favew,covered,homew
11840,2016,HOU,CIN,HOU,3.0,12.0,10.0,favew,not_covered,homew
11841,2016,JAX,TEN,TEN,4.0,38.0,17.0,favel,not_covered,homew
11842,2016,LAR,SF,LAR,6.0,21.0,22.0,favel,not_covered,awayw
11843,2016,NE,NYJ,NE,17.0,41.0,3.0,favew,covered,homew
11844,2016,NO,TB,NO,3.0,31.0,24.0,favew,covered,homew
11845,2016,OAK,IND,OAK,3.5,33.0,25.0,favew,covered,homew
11846,2016,SEA,ARI,SEA,9.0,31.0,34.0,favel,not_covered,awayw
11847,2016,KC,DEN,KC,3.5,33.0,10.0,favew,covered,homew
11848,2016,PIT,BAL,PIT,5.5,31.0,27.0,favew,not_covered,homew
11849,2016,DAL,DET,DAL,6.5,42.0,21.0,favew,covered,homew
11850,2016,ATL,NO,ATL,7.5,38.0,32.0,favew,not_covered,homew
11851,2016,CIN,BAL,BAL,2.5,27.0,10.0,favel,not_covered,homew
11852,2016,DEN,OAK,DEN,1.0,24.0,6.0,favew,covered,homew
11853,2016,DET,GB,GB,3.5,24.0,31.0,favew,covered,awayw
11854,2016,IND,JAX,IND,5.5,24.0,20.0,favew,not_covered,homew
11855,2016,LAR,ARI,ARI,7.0,6.0,44.0,favew,covered,awayw
11856,2016,MIA,NE,NE,7.5,14.0,35.0,favew,covered,awayw
11857,2016,MIN,CHI,MIN,6.0,38.0,10.0,favew,covered,homew
11858,2016,NYJ,BUF,BUF,3.5,30.0,10.0,favel,not_covered,homew
11859,2016,PHI,DAL,PHI,6.5,27.0,13.0,favew,covered,homew
11860,2016,PIT,CLE,PIT,3.0,27.0,24.0,favew,PUSH,homew
11861,2016,LAC,KC,KC,5.5,27.0,37.0,favew,covered,awayw
11862,2016,SF,SEA,SEA,11.5,23.0,25.0,favew,not_covered,awayw
11863,2016,TB,CAR,TB,3.0,17.0,16.0,favew,not_covered,homew
11864,2016,TEN,HOU,TEN,3.0,24.0,17.0,favew,covered,homew
11865,2016,WAS,NYG,WAS,9.0,10.0,19.0,favel,not_covered,awayw
11866,2016,HOU,OAK,HOU,4.0,27.0,14.0,favew,covered,homew
11867,2016,SEA,DET,SEA,8.0,26.0,6.0,favew,covered,homew
11868,2016,GB,NYG,GB,5.0,38.0,13.0,favew,covered,homew
11869,2016,PIT,MIA,PIT,11.0,30.0,12.0,favew,covered,homew
11870,2016,ATL,SEA,ATL,6.5,36.0,20.0,favew,covered,homew
11871,2016,NE,HOU,NE,16.0,34.0,16.0,favew,covered,homew
11872,2016,DAL,GB,DAL,5.5,31.0,34.0,favel,not_covered,awayw
11873,2016,KC,PIT,KC,2.5,16.0,18.0,favel,not_covered,awayw
11874,2016,ATL,GB,ATL,6.5,44.0,21.0,favew,covered,homew
11875,2016,NE,PIT,NE,5.5,36.0,17.0,favew,covered,homew
11876,2016,NE,ATL,NE,3.0,34.0,28.0,favew,covered,homew
11877,2017,NE,KC,NE,9.0,27.0,42.0,favel,not_covered,awayw
11878,2017,BUF,NYJ,BUF,9.5,21.0,12.0,favew,not_covered,homew
11879,2017,CHI,ATL,ATL,7.0,17.0,23.0,favew,not_covered,awayw
11880,2017,CIN,BAL,CIN,3.0,0.0,20.0,favel,not_covered,awayw
11881,2017,CLE,PIT,PIT,9.0,18.0,21.0,favew,not_covered,awayw
11882,2017,DAL,NYG,DAL,3.5,19.0,3.0,favew,covered,homew
11883,2017,DET,ARI,ARI,2.0,35.0,23.0,favel,not_covered,homew
11884,2017,GB,SEA,GB,3.0,17.0,9.0,favew,covered,homew
11885,2017,HOU,JAX,HOU,5.5,7.0,29.0,favel,not_covered,awayw
11886,2017,LAR,IND,IND,1.5,46.0,9.0,favel,not_covered,homew
11887,2017,SF,CAR,CAR,5.5,3.0,23.0,favew,covered,awayw
11888,2017,TEN,OAK,TEN,2.0,16.0,26.0,favel,not_covered,awayw
11889,2017,WAS,PHI,PHI,1.0,17.0,30.0,favew,covered,awayw
11890,2017,DEN,LAC,DEN,3.5,24.0,21.0,favew,not_covered,homew
11891,2017,MIN,NO,MIN,3.5,29.0,19.0,favew,covered,homew
11892,2017,CIN,HOU,CIN,6.5,9.0,13.0,favel,not_covered,awayw
11893,2017,ATL,GB,ATL,2.5,34.0,23.0,favew,covered,homew
11894,2017,BAL,CLE,BAL,7.5,24.0,10.0,favew,covered,homew
11895,2017,CAR,BUF,CAR,7.0,9.0,3.0,favew,not_covered,homew
11896,2017,DEN,DAL,DAL,2.0,42.0,17.0,favel,not_covered,homew
11897,2017,IND,ARI,ARI,7.5,13.0,16.0,favew,not_covered,awayw
11898,2017,JAX,TEN,TEN,1.5,16.0,37.0,favew,covered,awayw
11899,2017,KC,PHI,KC,4.5,27.0,20.0,favew,covered,homew
11900,2017,LAC,MIA,LAC,4.5,17.0,19.0,favel,not_covered,awayw
11901,2017,LAR,WAS,LAR,2.5,20.0,27.0,favel,not_covered,awayw
11902,2017,NO,NE,NE,7.0,20.0,36.0,favew,covered,awayw
11903,2017,OAK,NYJ,OAK,14.0,45.0,20.0,favew,covered,homew
11904,2017,PIT,MIN,PIT,6.0,26.0,9.0,favew,covered,homew
11905,2017,SEA,SF,SEA,13.5,12.0,9.0,favew,not_covered,homew
11906,2017,TB,CHI,TB,7.0,29.0,7.0,favew,covered,homew
11907,2017,NYG,DET,NYG,3.5,10.0,24.0,favel,not_covered,awayw
11908,2017,SF,LAR,LAR,2.0,39.0,41.0,favew,PUSH,awayw
11909,2017,BUF,DEN,DEN,3.0,26.0,16.0,favel,not_covered,homew
11910,2017,CAR,NO,CAR,5.0,13.0,34.0,favel,not_covered,awayw
11911,2017,CHI,PIT,PIT,7.0,23.0,17.0,favel,not_covered,homew
11912,2017,DET,ATL,ATL,3.0,26.0,30.0,favew,covered,awayw
11913,2017,GB,CIN,GB,9.0,27.0,24.0,favew,not_covered,homew
11914,2017,IND,CLE,CLE,1.0,31.0,28.0,favel,not_covered,homew
11915,2017,JAX,BAL,BAL,4.0,44.0,7.0,favel,not_covered,homew
11916,2017,LAC,KC,KC,3.0,10.0,24.0,favew,covered,awayw
11917,2017,MIN,TB,TB,1.5,34.0,17.0,favel,not_covered,homew
11918,2017,NE,HOU,NE,13.0,36.0,33.0,favew,not_covered,homew
11919,2017,NYJ,MIA,MIA,5.5,20.0,6.0,favel,not_covered,homew
11920,2017,PHI,NYG,PHI,6.0,27.0,24.0,favew,not_covered,homew
11921,2017,TEN,SEA,TEN,3.0,33.0,27.0,favew,covered,homew
11922,2017,WAS,OAK,OAK,3.0,27.0,10.0,favel,not_covered,homew
11923,2017,ARI,DAL,DAL,3.0,17.0,28.0,favew,covered,awayw
11924,2017,GB,CHI,GB,7.5,35.0,14.0,favew,covered,homew
11925,2017,ARI,SF,ARI,6.5,18.0,15.0,favew,not_covered,homew
11926,2017,ATL,BUF,ATL,8.0,17.0,23.0,favel,not_covered,awayw
11927,2017,BAL,PIT,PIT,3.0,9.0,26.0,favew,covered,awayw
11928,2017,CLE,CIN,CIN,3.0,7.0,31.0,favew,covered,awayw
11929,2017,DAL,LAR,DAL,6.0,30.0,35.0,favel,not_covered,awayw
11930,2017,DEN,OAK,DEN,3.0,16.0,10.0,favew,covered,homew
11931,2017,HOU,TEN,TEN,2.0,57.0,14.0,favel,not_covered,homew
11932,2017,LAC,PHI,LAC,1.0,24.0,26.0,favel,not_covered,awayw
11933,2017,MIA,NO,NO,3.0,0.0,20.0,favew,covered,awayw
11934,2017,MIN,DET,MIN,2.0,7.0,14.0,favel,not_covered,awayw
11935,2017,NE,CAR,NE,9.0,30.0,33.0,favel,not_covered,awayw
11936,2017,NYJ,JAX,JAX,3.0,23.0,20.0,favel,not_covered,homew
11937,2017,SEA,IND,SEA,13.0,46.0,17.0,favew,covered,homew
11938,2017,TB,NYG,TB,3.0,25.0,23.0,favew,not_covered,homew
11939,2017,KC,WAS,KC,7.0,29.0,20.0,favew,covered,homew
11940,2017,TB,NE,NE,5.0,14.0,19.0,favew,PUSH,awayw
11941,2017,CIN,BUF,CIN,3.0,20.0,16.0,favew,covered,homew
11942,2017,CLE,NYJ,NYJ,1.5,14.0,17.0,favew,covered,awayw
11943,2017,DAL,GB,DAL,2.0,31.0,35.0,favel,not_covered,awayw
11944,2017,DET,CAR,DET,2.5,24.0,27.0,favel,not_covered,awayw
11945,2017,HOU,KC,KC,1.0,34.0,42.0,favew,covered,awayw
11946,2017,IND,SF,IND,1.5,26.0,23.0,favew,covered,homew
11947,2017,LAR,SEA,LAR,1.0,10.0,16.0,favel,not_covered,awayw
11948,2017,MIA,TEN,TEN,3.0,16.0,10.0,favel,not_covered,homew
11949,2017,NYG,LAC,NYG,3.5,22.0,27.0,favel,not_covered,awayw
11950,2017,OAK,BAL,OAK,2.5,17.0,30.0,favel,not_covered,awayw
11951,2017,PHI,ARI,PHI,6.5,34.0,7.0,favew,covered,homew
11952,2017,PIT,JAX,PIT,8.5,9.0,30.0,favel,not_covered,awayw
11953,2017,CHI,MIN,MIN,3.0,17.0,20.0,favew,PUSH,awayw
11954,2017,CAR,PHI,CAR,3.0,23.0,28.0,favel,not_covered,awayw
11955,2017,ARI,TB,TB,1.5,38.0,33.0,favel,not_covered,homew
11956,2017,ATL,MIA,ATL,13.5,17.0,20.0,favel,not_covered,awayw
11957,2017,BAL,CHI,BAL,6.5,24.0,27.0,favel,not_covered,awayw
11958,2017,DEN,NYG,DEN,12.0,10.0,23.0,favel,not_covered,awayw
11959,2017,HOU,CLE,HOU,9.5,33.0,17.0,favew,covered,homew
11960,2017,JAX,LAR,JAX,2.5,17.0,27.0,favel,not_covered,awayw
11961,2017,KC,PIT,KC,3.5,13.0,19.0,favel,not_covered,awayw
11962,2017,MIN,GB,GB,3.0,23.0,10.0,favel,not_covered,homew
11963,2017,NO,DET,NO,4.0,52.0,38.0,favew,covered,homew
11964,2017,NYJ,NE,NE,9.0,17.0,24.0,favew,not_covered,awayw
11965,2017,OAK,LAC,OAK,3.0,16.0,17.0,favel,not_covered,awayw
11966,2017,WAS,SF,WAS,12.0,26.0,24.0,favew,not_covered,homew
11967,2017,TEN,IND,TEN,7.0,36.0,22.0,favew,covered,homew
11968,2017,OAK,KC,KC,3.0,31.0,30.0,favel,not_covered,homew
11969,2017,BUF,TB,BUF,3.0,30.0,27.0,favew,PUSH,homew
11970,2017,CHI,CAR,CAR,3.0,17.0,3.0,favel,not_covered,homew
11971,2017,CLE,TEN,TEN,5.5,9.0,12.0,favew,not_covered,awayw
11972,2017,GB,NO,NO,3.5,17.0,26.0,favew,covered,awayw
11973,2017,IND,JAX,JAX,3.0,0.0,27.0,favew,covered,awayw
11974,2017,LAC,DEN,DEN,1.5,21.0,0.0,favel,not_covered,homew
11975,2017,LAR,ARI,LAR,3.0,33.0,0.0,favew,covered,homew
11976,2017,MIA,NYJ,MIA,3.0,31.0,28.0,favew,PUSH,homew
11977,2017,MIN,BAL,MIN,4.0,24.0,16.0,favew,covered,homew
11978,2017,NE,ATL,NE,3.0,23.0,7.0,favew,covered,homew
11979,2017,NYG,SEA,SEA,3.5,7.0,24.0,favew,covered,awayw
11980,2017,PIT,CIN,PIT,4.0,29.0,14.0,favew,covered,homew
11981,2017,SF,DAL,DAL,6.5,10.0,40.0,favew,covered,awayw
11982,2017,PHI,WAS,PHI,4.5,34.0,24.0,favew,covered,homew
11983,2017,BAL,MIA,BAL,3.0,40.0,0.0,favew,covered,homew
11984,2017,BUF,OAK,BUF,2.5,34.0,14.0,favew,covered,homew
11985,2017,CIN,IND,CIN,11.0,24.0,23.0,favew,not_covered,homew
11986,2017,CLE,MIN,MIN,9.5,16.0,33.0,favew,covered,awayw
11987,2017,DET,PIT,PIT,3.0,15.0,20.0,favew,covered,awayw
11988,2017,NE,LAC,NE,7.0,21.0,13.0,favew,covered,homew
11989,2017,NO,CHI,NO,9.0,20.0,12.0,favew,not_covered,homew
11990,2017,NYJ,ATL,ATL,4.5,20.0,25.0,favew,covered,awayw
11991,2017,PHI,SF,PHI,13.0,33.0,10.0,favew,covered,homew
11992,2017,SEA,HOU,SEA,5.5,41.0,38.0,favew,not_covered,homew
11993,2017,TB,CAR,TB,2.0,3.0,17.0,favel,not_covered,awayw
11994,2017,WAS,DAL,DAL,2.0,19.0,33.0,favew,covered,awayw
11995,2017,KC,DEN,KC,7.0,29.0,19.0,favew,covered,homew
11996,2017,NYJ,BUF,BUF,3.0,34.0,21.0,favel,not_covered,homew
11997,2017,CAR,ATL,ATL,3.0,20.0,17.0,favel,not_covered,homew
11998,2017,DAL,KC,DAL,2.5,28.0,17.0,favew,covered,homew
11999,2017,HOU,IND,HOU,6.0,14.0,20.0,favel,not_covered,awayw
12000,2017,JAX,CIN,JAX,6.0,23.0,7.0,favew,covered,homew
12001,2017,MIA,OAK,OAK,3.0,24.0,27.0,favew,PUSH,awayw
12002,2017,NO,TB,NO,7.0,30.0,10.0,favew,covered,homew
12003,2017,NYG,LAR,LAR,5.5,17.0,51.0,favew,covered,awayw
12004,2017,PHI,DEN,PHI,7.0,51.0,23.0,favew,covered,homew
12005,2017,SF,ARI,ARI,2.0,10.0,20.0,favew,covered,awayw
12006,2017,SEA,WAS,SEA,8.0,14.0,17.0,favel,not_covered,awayw
12007,2017,TEN,BAL,TEN,3.0,23.0,20.0,favew,PUSH,homew
12008,2017,GB,DET,DET,2.5,17.0,30.0,favew,covered,awayw
12009,2017,ARI,SEA,SEA,6.0,16.0,22.0,favew,PUSH,awayw
12010,2017,ATL,DAL,ATL,3.5,27.0,7.0,favew,covered,homew
12011,2017,BUF,NO,NO,2.0,10.0,47.0,favew,covered,awayw
12012,2017,CHI,GB,CHI,4.5,16.0,23.0,favel,not_covered,awayw
12013,2017,DEN,NE,NE,7.0,16.0,41.0,favew,covered,awayw
12014,2017,DET,CLE,DET,10.5,38.0,24.0,favew,covered,homew
12015,2017,IND,PIT,PIT,10.5,17.0,20.0,favew,not_covered,awayw
12016,2017,JAX,LAC,JAX,5.0,20.0,17.0,favew,not_covered,homew
12017,2017,LAR,HOU,LAR,12.0,33.0,7.0,favew,covered,homew
12018,2017,SF,NYG,NYG,3.0,31.0,21.0,favel,not_covered,homew
12019,2017,TB,NYJ,TB,1.0,15.0,10.0,favew,covered,homew
12020,2017,TEN,CIN,TEN,4.5,24.0,20.0,favew,not_covered,homew
12021,2017,WAS,MIN,MIN,1.0,30.0,38.0,favew,covered,awayw
12022,2017,CAR,MIA,CAR,8.0,45.0,21.0,favew,covered,homew
12023,2017,PIT,TEN,PIT,7.0,40.0,17.0,favew,covered,homew
12024,2017,CHI,DET,DET,3.0,24.0,27.0,favew,PUSH,awayw
12025,2017,CLE,JAX,JAX,7.5,7.0,19.0,favew,covered,awayw
12026,2017,DAL,PHI,PHI,6.0,9.0,37.0,favew,covered,awayw
12027,2017,DEN,CIN,DEN,2.5,17.0,20.0,favel,not_covered,awayw
12028,2017,GB,BAL,BAL,2.0,0.0,23.0,favew,covered,awayw
12029,2017,HOU,ARI,HOU,2.0,31.0,21.0,favew,covered,homew
12030,2017,LAC,BUF,LAC,6.5,54.0,24.0,favew,covered,homew
12031,2017,MIA,TB,TB,1.0,20.0,30.0,favew,covered,awayw
12032,2017,MIN,LAR,MIN,2.5,24.0,7.0,favew,covered,homew
12033,2017,NO,WAS,NO,7.5,34.0,31.0,favew,not_covered,homew
12034,2017,NYG,KC,KC,10.0,12.0,9.0,favel,not_covered,homew
12035,2017,OAK,NE,NE,7.0,8.0,33.0,favew,covered,awayw
12036,2017,SEA,ATL,SEA,2.0,31.0,34.0,favel,not_covered,awayw
12037,2017,DAL,LAC,LAC,1.0,6.0,28.0,favew,covered,awayw
12038,2017,DET,MIN,MIN,3.0,23.0,30.0,favew,covered,awayw
12039,2017,WAS,NYG,WAS,7.5,20.0,10.0,favew,covered,homew
12040,2017,ARI,JAX,JAX,5.0,27.0,24.0,favel,not_covered,homew
12041,2017,ATL,TB,ATL,10.0,34.0,20.0,favew,covered,homew
12042,2017,CIN,CLE,CIN,8.0,30.0,16.0,favew,covered,homew
12043,2017,IND,TEN,TEN,3.5,16.0,20.0,favew,covered,awayw
12044,2017,KC,BUF,KC,10.0,10.0,16.0,favel,not_covered,awayw
12045,2017,LAR,NO,LAR,2.5,26.0,20.0,favew,covered,homew
12046,2017,NE,MIA,NE,16.5,35.0,17.0,favew,covered,homew
12047,2017,NYJ,CAR,CAR,5.0,27.0,35.0,favew,covered,awayw
12048,2017,OAK,DEN,OAK,5.0,21.0,14.0,favew,covered,homew
12049,2017,PHI,CHI,PHI,13.5,31.0,3.0,favew,covered,homew
12050,2017,PIT,GB,PIT,14.0,31.0,28.0,favew,not_covered,homew
12051,2017,SF,SEA,SEA,7.0,13.0,24.0,favew,covered,awayw
12052,2017,BAL,HOU,BAL,7.0,23.0,16.0,favew,PUSH,homew
12053,2017,DAL,WAS,WAS,2.0,38.0,14.0,favel,not_covered,homew
12054,2017,ARI,LAR,LAR,7.0,16.0,32.0,favew,covered,awayw
12055,2017,ATL,MIN,ATL,3.0,9.0,14.0,favel,not_covered,awayw
12056,2017,BAL,DET,BAL,3.0,44.0,20.0,favew,covered,homew
12057,2017,BUF,NE,NE,9.0,3.0,23.0,favew,covered,awayw
12058,2017,CHI,SF,CHI,3.0,14.0,15.0,favel,not_covered,awayw
12059,2017,GB,TB,GB,2.0,26.0,20.0,favew,covered,homew
12060,2017,JAX,IND,JAX,9.5,30.0,10.0,favew,covered,homew
12061,2017,LAC,CLE,LAC,13.5,19.0,10.0,favew,not_covered,homew
12062,2017,MIA,DEN,DEN,1.5,35.0,9.0,favel,not_covered,homew
12063,2017,NO,CAR,NO,4.5,31.0,21.0,favew,covered,homew
12064,2017,NYJ,KC,KC,3.0,38.0,31.0,favel,not_covered,homew
12065,2017,OAK,NYG,OAK,9.0,24.0,17.0,favew,not_covered,homew
12066,2017,SEA,PHI,PHI,5.5,24.0,10.0,favel,not_covered,homew
12067,2017,TEN,HOU,TEN,6.5,24.0,13.0,favew,covered,homew
12068,2017,CIN,PIT,PIT,4.5,20.0,23.0,favew,not_covered,awayw
12069,2017,ATL,NO,ATL,2.5,20.0,17.0,favew,covered,homew
12070,2017,ARI,TEN,TEN,2.5,12.0,7.0,favel,not_covered,homew
12071,2017,BUF,IND,BUF,3.5,13.0,7.0,favew,covered,homew
12072,2017,CAR,MIN,MIN,2.5,31.0,24.0,favel,not_covered,homew
12073,2017,CIN,CHI,CIN,6.0,7.0,33.0,favel,not_covered,awayw
12074,2017,CLE,GB,GB,2.5,21.0,27.0,favew,covered,awayw
12075,2017,DEN,NYJ,NYJ,1.0,23.0,0.0,favel,not_covered,homew
12076,2017,HOU,SF,HOU,1.0,16.0,26.0,favel,not_covered,awayw
12077,2017,JAX,SEA,JAX,3.0,30.0,24.0,favew,covered,homew
12078,2017,KC,OAK,KC,4.5,26.0,15.0,favew,covered,homew
12079,2017,LAC,WAS,LAC,6.0,30.0,13.0,favew,covered,homew
12080,2017,LAR,PHI,LAR,1.0,35.0,43.0,favel,not_covered,awayw
12081,2017,NYG,DAL,DAL,4.0,10.0,30.0,favew,covered,awayw
12082,2017,PIT,BAL,PIT,6.0,39.0,38.0,favew,not_covered,homew
12083,2017,TB,DET,PICK,0.0,21.0,24.0,WASH,PUSH,awayw
12084,2017,MIA,NE,NE,10.5,27.0,20.0,favel,not_covered,homew
12085,2017,IND,DEN,DEN,3.0,13.0,25.0,favew,covered,awayw
12086,2017,DET,CHI,DET,5.0,20.0,10.0,favew,covered,homew
12087,2017,KC,LAC,LAC,1.0,30.0,13.0,favel,not_covered,homew
12088,2017,BUF,MIA,BUF,3.5,24.0,16.0,favew,covered,homew
12089,2017,CAR,GB,CAR,3.0,31.0,24.0,favew,covered,homew
12090,2017,CLE,BAL,BAL,6.5,10.0,27.0,favew,covered,awayw
12091,2017,JAX,HOU,JAX,10.5,45.0,7.0,favew,covered,homew
12092,2017,MIN,CIN,MIN,12.5,34.0,7.0,favew,covered,homew
12093,2017,NO,NYJ,NO,16.5,31.0,19.0,favew,not_covered,homew
12094,2017,NYG,PHI,PHI,7.5,29.0,34.0,favew,not_covered,awayw
12095,2017,OAK,DAL,DAL,3.0,17.0,20.0,favew,PUSH,awayw
12096,2017,PIT,NE,NE,2.5,24.0,27.0,favew,covered,awayw
12097,2017,SF,TEN,SF,2.5,25.0,23.0,favew,not_covered,homew
12098,2017,SEA,LAR,LAR,1.0,7.0,42.0,favew,covered,awayw
12099,2017,WAS,ARI,WAS,4.0,20.0,15.0,favew,covered,homew
12100,2017,TB,ATL,ATL,7.0,21.0,24.0,favew,not_covered,awayw
12101,2017,BAL,IND,BAL,13.5,23.0,16.0,favew,not_covered,homew
12102,2017,GB,MIN,MIN,8.5,0.0,16.0,favew,covered,awayw
12103,2017,ARI,NYG,ARI,3.0,23.0,0.0,favew,covered,homew
12104,2017,CAR,TB,CAR,10.0,22.0,19.0,favew,not_covered,homew
12105,2017,CHI,CLE,CHI,5.5,20.0,3.0,favew,covered,homew
12106,2017,CIN,DET,DET,3.5,26.0,17.0,favel,not_covered,homew
12107,2017,DAL,SEA,DAL,4.5,12.0,21.0,favel,not_covered,awayw
12108,2017,KC,MIA,KC,11.0,29.0,13.0,favew,covered,homew
12109,2017,NE,BUF,NE,11.0,37.0,16.0,favew,covered,homew
12110,2017,NO,ATL,NO,5.5,23.0,13.0,favew,covered,homew
12111,2017,NYJ,LAC,LAC,7.5,7.0,14.0,favew,not_covered,awayw
12112,2017,SF,JAX,JAX,4.0,44.0,33.0,favel,not_covered,homew
12113,2017,TEN,LAR,LAR,5.5,23.0,27.0,favew,not_covered,awayw
12114,2017,WAS,DEN,WAS,3.0,27.0,11.0,favew,covered,homew
12115,2017,HOU,PIT,PIT,8.0,6.0,34.0,favew,covered,awayw
12116,2017,PHI,OAK,PHI,10.0,19.0,10.0,favew,not_covered,homew
12117,2017,ATL,CAR,ATL,5.0,22.0,10.0,favew,covered,homew
12118,2017,BAL,CIN,BAL,8.0,27.0,31.0,favel,not_covered,awayw
12119,2017,DEN,KC,DEN,3.0,24.0,27.0,favel,not_covered,awayw
12120,2017,DET,GB,DET,7.5,35.0,11.0,favew,covered,homew
12121,2017,IND,HOU,IND,5.5,22.0,13.0,favew,covered,homew
12122,2017,LAC,OAK,LAC,7.0,30.0,10.0,favew,covered,homew
12123,2017,LAR,SF,SF,6.0,13.0,34.0,favew,covered,awayw
12124,2017,MIA,BUF,BUF,2.5,16.0,22.0,favew,covered,awayw
12125,2017,MIN,CHI,MIN,13.5,23.0,10.0,favew,not_covered,homew
12126,2017,NE,NYJ,NE,17.0,26.0,6.0,favew,covered,homew
12127,2017,NYG,WAS,WAS,4.5,18.0,10.0,favel,not_covered,homew
12128,2017,PHI,DAL,DAL,3.5,0.0,6.0,favew,covered,awayw
12129,2017,PIT,CLE,PIT,5.0,28.0,24.0,favew,not_covered,homew
12130,2017,SEA,ARI,SEA,8.0,24.0,26.0,favel,not_covered,awayw
12131,2017,TB,NO,NO,6.0,31.0,24.0,favel,not_covered,homew
12132,2017,TEN,JAX,TEN,2.5,15.0,10.0,favew,covered,homew
12133,2017,KC,TEN,KC,8.5,21.0,22.0,favel,not_covered,awayw
12134,2017,LAR,ATL,LAR,6.5,13.0,26.0,favel,not_covered,awayw
12135,2017,JAX,BUF,JAX,8.0,10.0,3.0,favew,not_covered,homew
12136,2017,NO,CAR,NO,6.5,31.0,26.0,favew,not_covered,homew
12137,2017,NE,TEN,NE,13.5,35.0,14.0,favew,covered,homew
12138,2017,PHI,ATL,ATL,2.5,15.0,10.0,favel,not_covered,homew
12139,2017,MIN,NO,MIN,5.5,29.0,24.0,favew,not_covered,homew
12140,2017,PIT,JAX,PIT,7.0,42.0,45.0,favel,not_covered,awayw
12141,2017,NE,JAX,NE,7.5,24.0,20.0,favew,not_covered,homew
12142,2017,PHI,MIN,MIN,3.0,38.0,7.0,favel,not_covered,homew
12143,2017,NE,PHI,NE,4.5,33.0,41.0,favel,not_covered,awayw
12144,2018,PHI,ATL,PHI,1.0,18.0,12.0,favew,covered,homew
12145,2018,ARI,WAS,ARI,2.0,6.0,24.0,favel,not_covered,awayw
12146,2018,BAL,BUF,BAL,7.5,47.0,3.0,favew,covered,homew
12147,2018,CAR,DAL,CAR,2.5,16.0,8.0,favew,covered,homew
12148,2018,CLE,PIT,PIT,3.5,21.0,21.0,favel,not_covered,tie
12149,2018,DEN,SEA,DEN,3.0,27.0,24.0,favew,PUSH,homew
12150,2018,GB,CHI,GB,6.5,24.0,23.0,favew,not_covered,homew
12151,2018,IND,CIN,CIN,1.0,23.0,34.0,favew,covered,awayw
12152,2018,LAC,KC,LAC,3.5,28.0,38.0,favel,not_covered,awayw
12153,2018,MIA,TEN,TEN,1.0,27.0,20.0,favel,not_covered,homew
12154,2018,MIN,SF,MIN,6.0,24.0,16.0,favew,covered,homew
12155,2018,NE,HOU,NE,6.0,27.0,20.0,favew,covered,homew
12156,2018,NO,TB,NO,10.0,40.0,48.0,favel,not_covered,awayw
12157,2018,NYG,JAX,JAX,2.5,15.0,20.0,favew,covered,awayw
12158,2018,DET,NYJ,DET,7.0,17.0,48.0,favel,not_covered,awayw
12159,2018,OAK,LAR,LAR,6.5,13.0,33.0,favew,covered,awayw
12160,2018,CIN,BAL,CIN,1.0,34.0,23.0,favew,covered,homew
12161,2018,ATL,CAR,ATL,5.5,31.0,24.0,favew,covered,homew
12162,2018,BUF,LAC,LAC,7.5,20.0,31.0,favew,covered,awayw
12163,2018,DAL,NYG,DAL,3.0,20.0,13.0,favew,covered,homew
12164,2018,DEN,OAK,DEN,5.5,20.0,19.0,favew,not_covered,homew
12165,2018,GB,MIN,MIN,2.0,29.0,29.0,favel,not_covered,tie
12166,2018,JAX,NE,NE,2.0,31.0,20.0,favel,not_covered,homew
12167,2018,LAR,ARI,LAR,13.5,34.0,0.0,favew,covered,homew
12168,2018,NO,CLE,NO,10.0,21.0,18.0,favew,not_covered,homew
12169,2018,NYJ,MIA,NYJ,3.0,12.0,20.0,favel,not_covered,awayw
12170,2018,PIT,KC,PIT,4.5,37.0,42.0,favel,not_covered,awayw
12171,2018,SF,DET,SF,6.0,30.0,27.0,favew,not_covered,homew
12172,2018,TB,PHI,PHI,3.0,27.0,21.0,favel,not_covered,homew
12173,2018,TEN,HOU,HOU,3.5,20.0,17.0,favel,not_covered,homew
12174,2018,WAS,IND,WAS,6.0,9.0,21.0,favel,not_covered,awayw
12175,2018,CHI,SEA,CHI,4.5,24.0,17.0,favew,covered,homew
12176,2018,CLE,NYJ,CLE,3.0,21.0,17.0,favew,covered,homew
12177,2018,ARI,CHI,CHI,5.5,14.0,16.0,favew,not_covered,awayw
12178,2018,ATL,NO,ATL,1.5,37.0,43.0,favel,not_covered,awayw
12179,2018,BAL,DEN,BAL,5.5,27.0,14.0,favew,covered,homew
12180,2018,CAR,CIN,CAR,2.5,31.0,21.0,favew,covered,homew
12181,2018,DET,NE,NE,7.0,26.0,10.0,favel,not_covered,homew
12182,2018,HOU,NYG,HOU,6.5,22.0,27.0,favel,not_covered,awayw
12183,2018,JAX,TEN,JAX,10.0,6.0,9.0,favel,not_covered,awayw
12184,2018,KC,SF,KC,5.5,38.0,27.0,favew,covered,homew
12185,2018,LAR,LAC,LAR,7.5,35.0,23.0,favew,covered,homew
12186,2018,MIA,OAK,MIA,3.0,28.0,20.0,favew,covered,homew
12187,2018,MIN,BUF,MIN,16.5,6.0,27.0,favel,not_covered,awayw
12188,2018,PHI,IND,PHI,6.5,20.0,16.0,favew,not_covered,homew
12189,2018,SEA,DAL,SEA,1.0,24.0,13.0,favew,covered,homew
12190,2018,WAS,GB,GB,2.5,31.0,17.0,favel,not_covered,homew
12191,2018,TB,PIT,PIT,1.0,27.0,30.0,favew,covered,awayw
12192,2018,LAR,MIN,LAR,7.5,38.0,31.0,favew,not_covered,homew
12193,2018,ARI,SEA,SEA,3.5,17.0,20.0,favew,not_covered,awayw
12194,2018,ATL,CIN,ATL,3.5,36.0,37.0,favel,not_covered,awayw
12195,2018,CHI,TB,CHI,3.0,48.0,10.0,favew,covered,homew
12196,2018,DAL,DET,DAL,2.5,26.0,24.0,favew,not_covered,homew
12197,2018,GB,BUF,GB,8.5,22.0,0.0,favew,covered,homew
12198,2018,IND,HOU,IND,1.0,34.0,37.0,favel,not_covered,awayw
12199,2018,JAX,NYJ,JAX,7.5,31.0,12.0,favew,covered,homew
12200,2018,LAC,SF,LAC,10.5,29.0,27.0,favew,not_covered,homew
12201,2018,NE,MIA,NE,6.5,38.0,7.0,favew,covered,homew
12202,2018,NYG,NO,NO,3.5,18.0,33.0,favew,covered,awayw
12203,2018,OAK,CLE,OAK,2.5,45.0,42.0,favew,covered,homew
12204,2018,PIT,BAL,PIT,3.0,14.0,26.0,favel,not_covered,awayw
12205,2018,TEN,PHI,PHI,3.0,26.0,23.0,favel,not_covered,homew
12206,2018,DEN,KC,KC,3.5,23.0,27.0,favew,covered,awayw
12207,2018,NE,IND,NE,10.5,38.0,24.0,favew,covered,homew
12208,2018,BUF,TEN,TEN,6.0,13.0,12.0,favel,not_covered,homew
12209,2018,CAR,NYG,CAR,7.0,33.0,31.0,favew,not_covered,homew
12210,2018,CIN,MIA,CIN,6.5,27.0,17.0,favew,covered,homew
12211,2018,CLE,BAL,BAL,3.0,12.0,9.0,favel,not_covered,homew
12212,2018,DET,GB,GB,1.0,31.0,23.0,favel,not_covered,homew
12213,2018,HOU,DAL,HOU,3.5,19.0,16.0,favew,not_covered,homew
12214,2018,KC,JAX,KC,3.0,30.0,14.0,favew,covered,homew
12215,2018,LAC,OAK,LAC,5.0,26.0,10.0,favew,covered,homew
12216,2018,NYJ,DEN,NYJ,1.0,34.0,16.0,favew,covered,homew
12217,2018,PHI,MIN,PHI,3.5,21.0,23.0,favel,not_covered,awayw
12218,2018,PIT,ATL,PIT,3.5,41.0,17.0,favew,covered,homew
12219,2018,SF,ARI,SF,3.0,18.0,28.0,favel,not_covered,awayw
12220,2018,SEA,LAR,LAR,7.5,31.0,33.0,favew,not_covered,awayw
12221,2018,NO,WAS,NO,5.5,43.0,19.0,favew,covered,homew
12222,2018,NYG,PHI,PHI,1.5,13.0,34.0,favew,covered,awayw
12223,2018,ATL,TB,ATL,3.0,34.0,29.0,favew,covered,homew
12224,2018,CIN,PIT,CIN,1.5,21.0,28.0,favel,not_covered,awayw
12225,2018,CLE,LAC,CLE,1.0,14.0,38.0,favel,not_covered,awayw
12226,2018,DAL,JAX,JAX,3.0,40.0,7.0,favel,not_covered,homew
12227,2018,DEN,LAR,LAR,7.0,20.0,23.0,favew,not_covered,awayw
12228,2018,HOU,BUF,HOU,10.5,20.0,13.0,favew,not_covered,homew
12229,2018,MIA,CHI,CHI,7.5,31.0,28.0,favel,not_covered,homew
12230,2018,MIN,ARI,MIN,10.0,27.0,17.0,favew,PUSH,homew
12231,2018,NE,KC,NE,3.5,43.0,40.0,favew,not_covered,homew
12232,2018,NYJ,IND,NYJ,2.5,42.0,34.0,favew,covered,homew
12233,2018,OAK,SEA,SEA,3.0,3.0,27.0,favew,covered,awayw
12234,2018,TEN,BAL,BAL,2.5,0.0,21.0,favew,covered,awayw
12235,2018,WAS,CAR,CAR,1.0,23.0,17.0,favel,not_covered,homew
12236,2018,GB,SF,GB,9.0,33.0,30.0,favew,not_covered,homew
12237,2018,ARI,DEN,DEN,1.0,10.0,45.0,favew,covered,awayw
12238,2018,BAL,NO,BAL,2.5,23.0,24.0,favel,not_covered,awayw
12239,2018,CHI,NE,NE,1.0,31.0,38.0,favew,covered,awayw
12240,2018,IND,BUF,IND,7.0,37.0,5.0,favew,covered,homew
12241,2018,JAX,HOU,JAX,3.5,7.0,20.0,favel,not_covered,awayw
12242,2018,KC,CIN,KC,6.5,45.0,10.0,favew,covered,homew
12243,2018,LAC,TEN,LAC,6.5,20.0,19.0,favew,not_covered,homew
12244,2018,MIA,DET,DET,3.0,21.0,32.0,favew,covered,awayw
12245,2018,NYJ,MIN,MIN,3.5,17.0,37.0,favew,covered,awayw
12246,2018,PHI,CAR,PHI,5.0,17.0,21.0,favel,not_covered,awayw
12247,2018,SF,LAR,LAR,8.0,10.0,39.0,favew,covered,awayw
12248,2018,TB,CLE,TB,3.5,26.0,23.0,favew,not_covered,homew
12249,2018,WAS,DAL,DAL,1.0,20.0,17.0,favel,not_covered,homew
12250,2018,ATL,NYG,ATL,4.0,23.0,20.0,favew,not_covered,homew
12251,2018,HOU,MIA,HOU,7.5,42.0,23.0,favew,covered,homew
12252,2018,ARI,SF,ARI,2.5,18.0,15.0,favew,covered,homew
12253,2018,CAR,BAL,BAL,2.5,36.0,21.0,favel,not_covered,homew
12254,2018,CHI,NYJ,CHI,8.5,24.0,10.0,favew,covered,homew
12255,2018,CIN,TB,CIN,3.5,37.0,34.0,favew,not_covered,homew
12256,2018,DET,SEA,DET,3.0,14.0,28.0,favel,not_covered,awayw
12257,2018,JAX,PHI,PHI,3.5,18.0,24.0,favew,covered,awayw
12258,2018,KC,DEN,KC,8.5,30.0,23.0,favew,not_covered,homew
12259,2018,LAR,GB,LAR,7.5,29.0,27.0,favew,not_covered,homew
12260,2018,MIN,NO,MIN,2.5,20.0,30.0,favel,not_covered,awayw
12261,2018,NYG,WAS,WAS,1.0,13.0,20.0,favew,covered,awayw
12262,2018,OAK,IND,IND,3.5,28.0,42.0,favew,covered,awayw
12263,2018,PIT,CLE,PIT,8.5,33.0,18.0,favew,covered,homew
12264,2018,BUF,NE,NE,13.5,6.0,25.0,favew,covered,awayw
12265,2018,SF,OAK,OAK,1.5,34.0,3.0,favel,not_covered,homew
12266,2018,BAL,PIT,BAL,1.5,16.0,23.0,favel,not_covered,awayw
12267,2018,BUF,CHI,CHI,10.5,9.0,41.0,favew,covered,awayw
12268,2018,CAR,TB,CAR,6.0,42.0,28.0,favew,covered,homew
12269,2018,CLE,KC,KC,7.5,21.0,37.0,favew,covered,awayw
12270,2018,DEN,HOU,DEN,1.0,17.0,19.0,favel,not_covered,awayw
12271,2018,MIA,NYJ,MIA,3.0,13.0,6.0,favew,covered,homew
12272,2018,MIN,DET,MIN,4.5,24.0,9.0,favew,covered,homew
12273,2018,NE,GB,NE,5.0,31.0,17.0,favew,covered,homew
12274,2018,NO,LAR,LAR,1.5,45.0,35.0,favel,not_covered,homew
12275,2018,SEA,LAC,SEA,1.0,17.0,25.0,favel,not_covered,awayw
12276,2018,WAS,ATL,WAS,1.5,14.0,38.0,favel,not_covered,awayw
12277,2018,DAL,TEN,DAL,4.5,14.0,28.0,favel,not_covered,awayw
12278,2018,PIT,CAR,PIT,3.5,52.0,21.0,favew,covered,homew
12279,2018,CHI,DET,CHI,7.5,34.0,22.0,favew,covered,homew
12280,2018,CIN,NO,NO,6.0,14.0,51.0,favew,covered,awayw
12281,2018,CLE,ATL,ATL,5.5,28.0,16.0,favel,not_covered,homew
12282,2018,GB,MIA,GB,11.0,31.0,12.0,favew,covered,homew
12283,2018,IND,JAX,IND,3.0,29.0,26.0,favew,PUSH,homew
12284,2018,KC,ARI,KC,16.5,26.0,14.0,favew,not_covered,homew
12285,2018,LAR,SEA,LAR,10.0,36.0,31.0,favew,not_covered,homew
12286,2018,NYJ,BUF,NYJ,7.0,10.0,41.0,favel,not_covered,awayw
12287,2018,OAK,LAC,LAC,10.5,6.0,20.0,favew,covered,awayw
12288,2018,PHI,DAL,PHI,7.5,20.0,27.0,favel,not_covered,awayw
12289,2018,TB,WAS,TB,3.5,3.0,16.0,favel,not_covered,awayw
12290,2018,TEN,NE,NE,6.5,34.0,10.0,favel,not_covered,homew
12291,2018,SF,NYG,SF,3.0,23.0,27.0,favel,not_covered,awayw
12292,2018,SEA,GB,SEA,3.0,27.0,24.0,favew,PUSH,homew
12293,2018,ARI,OAK,ARI,4.5,21.0,23.0,favel,not_covered,awayw
12294,2018,ATL,DAL,ATL,3.5,19.0,22.0,favel,not_covered,awayw
12295,2018,BAL,CIN,BAL,6.5,24.0,21.0,favew,not_covered,homew
12296,2018,CHI,MIN,CHI,2.5,25.0,20.0,favew,covered,homew
12297,2018,DET,CAR,CAR,4.0,20.0,19.0,favel,not_covered,homew
12298,2018,IND,TEN,IND,1.0,38.0,10.0,favew,covered,homew
12299,2018,JAX,PIT,PIT,4.0,16.0,20.0,favew,PUSH,awayw
12300,2018,LAC,DEN,LAC,7.5,22.0,23.0,favel,not_covered,awayw
12301,2018,NO,PHI,NO,7.0,48.0,7.0,favew,covered,homew
12302,2018,NYG,TB,NYG,3.0,38.0,35.0,favew,PUSH,homew
12303,2018,WAS,HOU,HOU,3.0,21.0,23.0,favew,not_covered,awayw
12304,2018,LAR,KC,LAR,3.0,54.0,51.0,favew,PUSH,homew
12305,2018,DAL,WAS,DAL,7.0,31.0,23.0,favew,covered,homew
12306,2018,DET,CHI,CHI,3.0,16.0,23.0,favew,covered,awayw
12307,2018,NO,ATL,NO,11.5,31.0,17.0,favew,covered,homew
12308,2018,BAL,OAK,BAL,13.0,34.0,17.0,favew,covered,homew
12309,2018,BUF,JAX,JAX,3.0,24.0,21.0,favel,not_covered,homew
12310,2018,CAR,SEA,CAR,3.0,27.0,30.0,favel,not_covered,awayw
12311,2018,CIN,CLE,CLE,1.0,20.0,35.0,favew,covered,awayw
12312,2018,DEN,PIT,PIT,3.0,24.0,17.0,favel,not_covered,homew
12313,2018,IND,MIA,IND,9.0,27.0,24.0,favew,not_covered,homew
12314,2018,LAC,ARI,LAC,14.0,45.0,10.0,favew,covered,homew
12315,2018,MIN,GB,MIN,3.5,24.0,17.0,favew,covered,homew
12316,2018,NYJ,NE,NE,13.0,13.0,27.0,favew,covered,awayw
12317,2018,PHI,NYG,PHI,4.5,25.0,22.0,favew,not_covered,homew
12318,2018,TB,SF,TB,1.5,27.0,9.0,favew,covered,homew
12319,2018,HOU,TEN,HOU,3.5,34.0,17.0,favew,covered,homew
12320,2018,DAL,NO,NO,7.5,13.0,10.0,favel,not_covered,homew
12321,2018,ATL,BAL,ATL,2.5,16.0,26.0,favel,not_covered,awayw
12322,2018,CIN,DEN,DEN,4.0,10.0,24.0,favew,covered,awayw
12323,2018,DET,LAR,LAR,10.5,16.0,30.0,favew,covered,awayw
12324,2018,GB,ARI,GB,13.5,17.0,20.0,favel,not_covered,awayw
12325,2018,HOU,CLE,HOU,5.0,29.0,13.0,favew,covered,homew
12326,2018,JAX,IND,IND,4.0,6.0,0.0,favel,not_covered,homew
12327,2018,MIA,BUF,MIA,3.5,21.0,17.0,favew,covered,homew
12328,2018,NE,MIN,NE,6.0,24.0,10.0,favew,covered,homew
12329,2018,NYG,CHI,CHI,4.0,30.0,27.0,favel,not_covered,homew
12330,2018,OAK,KC,KC,14.0,33.0,40.0,favew,not_covered,awayw
12331,2018,PIT,LAC,PIT,3.0,30.0,33.0,favel,not_covered,awayw
12332,2018,SEA,SF,SEA,10.0,43.0,16.0,favew,covered,homew
12333,2018,TB,CAR,CAR,3.5,24.0,17.0,favel,not_covered,homew
12334,2018,TEN,NYJ,TEN,10.5,26.0,22.0,favew,not_covered,homew
12335,2018,PHI,WAS,PHI,5.5,28.0,13.0,favew,covered,homew
12336,2018,TEN,JAX,TEN,5.5,30.0,9.0,favew,covered,homew
12337,2018,ARI,DET,DET,2.5,3.0,17.0,favew,covered,awayw
12338,2018,BUF,NYJ,BUF,4.5,23.0,27.0,favel,not_covered,awayw
12339,2018,CHI,LAR,LAR,3.0,15.0,6.0,favel,not_covered,homew
12340,2018,CLE,CAR,CAR,1.0,26.0,20.0,favel,not_covered,homew
12341,2018,DAL,PHI,DAL,3.5,29.0,23.0,favew,covered,homew
12342,2018,GB,ATL,GB,4.0,34.0,20.0,favew,covered,homew
12343,2018,HOU,IND,HOU,4.0,21.0,24.0,favel,not_covered,awayw
12344,2018,KC,BAL,KC,6.5,27.0,24.0,favew,not_covered,homew
12345,2018,LAC,CIN,LAC,17.0,26.0,21.0,favew,not_covered,homew
12346,2018,MIA,NE,NE,9.5,34.0,33.0,favel,not_covered,homew
12347,2018,OAK,PIT,PIT,10.5,24.0,21.0,favel,not_covered,homew
12348,2018,SF,DEN,DEN,3.0,20.0,14.0,favel,not_covered,homew
12349,2018,TB,NO,NO,10.0,14.0,28.0,favew,covered,awayw
12350,2018,WAS,NYG,NYG,3.0,16.0,40.0,favew,covered,awayw
12351,2018,SEA,MIN,SEA,3.0,21.0,7.0,favew,covered,homew
12352,2018,KC,LAC,KC,3.5,28.0,29.0,favel,not_covered,awayw
12353,2018,DEN,CLE,DEN,1.0,16.0,17.0,favel,not_covered,awayw
12354,2018,NYJ,HOU,HOU,7.0,22.0,29.0,favew,PUSH,awayw
12355,2018,ATL,ARI,ATL,10.0,40.0,14.0,favew,covered,homew
12356,2018,BAL,TB,BAL,8.5,20.0,12.0,favew,not_covered,homew
12357,2018,BUF,DET,BUF,2.5,14.0,13.0,favew,not_covered,homew
12358,2018,CHI,GB,CHI,5.5,24.0,17.0,favew,covered,homew
12359,2018,CIN,OAK,CIN,3.0,30.0,16.0,favew,covered,homew
12360,2018,IND,DAL,IND,3.0,23.0,0.0,favew,covered,homew
12361,2018,JAX,WAS,JAX,7.5,13.0,16.0,favel,not_covered,awayw
12362,2018,LAR,PHI,LAR,13.5,23.0,30.0,favel,not_covered,awayw
12363,2018,MIN,MIA,MIN,7.5,41.0,17.0,favew,covered,homew
12364,2018,NYG,TEN,TEN,2.5,0.0,17.0,favew,covered,awayw
12365,2018,PIT,NE,NE,2.5,17.0,10.0,favel,not_covered,homew
12366,2018,SF,SEA,SEA,3.5,26.0,23.0,favel,not_covered,homew
12367,2018,CAR,NO,NO,6.0,9.0,12.0,favew,not_covered,awayw
12368,2018,LAC,BAL,LAC,4.0,10.0,22.0,favel,not_covered,awayw
12369,2018,TEN,WAS,TEN,11.5,25.0,16.0,favew,not_covered,homew
12370,2018,ARI,LAR,LAR,14.5,9.0,31.0,favew,covered,awayw
12371,2018,CAR,ATL,ATL,3.0,10.0,24.0,favew,covered,awayw
12372,2018,CLE,CIN,CLE,10.0,26.0,18.0,favew,not_covered,homew
12373,2018,DAL,TB,DAL,7.5,27.0,20.0,favew,not_covered,homew
12374,2018,DET,MIN,MIN,6.5,9.0,27.0,favew,covered,awayw
12375,2018,IND,NYG,IND,10.0,28.0,27.0,favew,not_covered,homew
12376,2018,MIA,JAX,MIA,3.0,7.0,17.0,favel,not_covered,awayw
12377,2018,NE,BUF,NE,13.5,24.0,12.0,favew,not_covered,homew
12378,2018,NO,PIT,NO,6.5,31.0,28.0,favew,not_covered,homew
12379,2018,NYJ,GB,GB,3.0,38.0,44.0,favew,covered,awayw
12380,2018,PHI,HOU,PHI,1.0,32.0,30.0,favew,covered,homew
12381,2018,SF,CHI,CHI,4.0,9.0,14.0,favew,covered,awayw
12382,2018,SEA,KC,KC,1.0,38.0,31.0,favel,not_covered,homew
12383,2018,OAK,DEN,DEN,2.5,27.0,14.0,favel,not_covered,homew
12384,2018,BAL,CLE,BAL,7.0,26.0,24.0,favew,not_covered,homew
12385,2018,BUF,MIA,BUF,5.5,42.0,17.0,favew,covered,homew
12386,2018,DEN,LAC,LAC,7.0,9.0,23.0,favew,covered,awayw
12387,2018,GB,DET,GB,7.5,0.0,31.0,favel,not_covered,awayw
12388,2018,HOU,JAX,HOU,7.0,20.0,3.0,favew,covered,homew
12389,2018,KC,OAK,KC,14.5,35.0,3.0,favew,covered,homew
12390,2018,LAR,SF,LAR,10.5,48.0,32.0,favew,covered,homew
12391,2018,MIN,CHI,MIN,6.0,10.0,24.0,favel,not_covered,awayw
12392,2018,NE,NYJ,NE,14.5,38.0,3.0,favew,covered,homew
12393,2018,NO,CAR,NO,8.0,14.0,33.0,favel,not_covered,awayw
12394,2018,NYG,DAL,NYG,7.5,35.0,36.0,favel,not_covered,awayw
12395,2018,PIT,CIN,PIT,14.0,16.0,13.0,favew,not_covered,homew
12396,2018,SEA,ARI,SEA,14.0,27.0,24.0,favew,not_covered,homew
12397,2018,TB,ATL,ATL,2.5,32.0,34.0,favew,not_covered,awayw
12398,2018,TEN,IND,IND,5.5,17.0,33.0,favew,covered,awayw
12399,2018,WAS,PHI,PHI,6.0,0.0,24.0,favew,covered,awayw
12400,2018,DAL,SEA,DAL,2.5,24.0,22.0,favew,not_covered,homew
12401,2018,HOU,IND,HOU,2.0,7.0,21.0,favel,not_covered,awayw
12402,2018,BAL,LAC,BAL,3.0,17.0,23.0,favel,not_covered,awayw
12403,2018,CHI,PHI,CHI,6.5,15.0,16.0,favel,not_covered,awayw
12404,2018,KC,IND,KC,4.0,31.0,13.0,favew,covered,homew
12405,2018,LAR,DAL,LAR,7.5,30.0,22.0,favew,covered,homew
12406,2018,NE,LAC,NE,3.5,41.0,28.0,favew,covered,homew
12407,2018,NO,PHI,NO,8.5,20.0,14.0,favew,not_covered,homew
12408,2018,KC,NE,KC,3.0,31.0,37.0,favel,not_covered,awayw
12409,2018,NO,LAR,NO,3.0,23.0,26.0,favel,not_covered,awayw
12410,2018,LAR,NE,NE,2.0,3.0,13.0,favew,covered,awayw
