Rk,Player,Tm,Age,Pos,G,GS,Tgt,Rec,Yds,TD,1D,YBC,YBC/R,YAC,YAC/R,ADOT,BrkTkl,Rec/Br,Drop,Drop%,Int,Rat
1,Michael Thomas*+\ThomMi05,NOR,26,WR,16,15,185,149,1725,9,91,1142,7.7,583,3.9,8.1,5,29.8,6,3.2,0,121.7
2,Christian McCaffrey *+\McCaCh01,CAR,23,RB,16,16,142,116,1005,4,58,-14,-0.1,1019,8.8,0.6,14,8.3,7,4.9,2,99.7
3,Keenan Allen*\AlleKe00,LAC,27,WR,16,16,149,104,1199,6,63,825,7.9,374,3.6,10.1,4,26.0,7,4.7,8,84.8
4,DeAndre Hopkins*+\HopkDe00,HOU,27,WR,15,15,150,104,1165,7,68,778,7.5,387,3.7,10.1,9,11.6,4,2.7,1,105.0
5,Julian Edelman\EdelJu00,NWE,33,WR,16,13,153,100,1117,6,54,797,8.0,320,3.2,9.5,4,25.0,13,8.5,3,91.9
6,Julio Jones *\JoneJu02,ATL,30,WR,15,15,157,99,1394,6,77,1030,10.4,364,3.7,12.2,7,14.1,4,2.5,5,91.1
7,Allen Robinson\RobiAl02,CHI,26,WR,16,15,154,98,1147,7,63,875,8.9,272,2.8,11.1,5,19.6,7,4.5,4,90.5
8,Travis Kelce*\KelcTr00,KAN,30,TE,16,16,136,97,1229,5,65,819,8.4,410,4.2,9.0,6,16.2,8,5.9,0,111.4
9,Cooper Kupp\KuppCo00,LAR,26,WR,16,14,134,94,1161,10,51,623,6.6,538,5.7,7.2,9,10.4,3,2.2,2,115.3
10,Austin Ekeler\EkelAu00,LAC,24,rb,16,8,108,92,993,8,42,53,0.6,940,10.2,1.3,15,6.1,1,0.9,2,122.0
11,Tyler Boyd\BoydTy00,CIN,25,WR,16,15,148,90,1046,5,51,623,6.9,423,4.7,8.0,3,30.0,5,3.4,6,76.6
12,Darren Waller\WallDa01,OAK,27,TE,16,16,117,90,1145,3,53,575,6.4,570,6.3,7.3,8,11.3,5,4.3,2,108.4
13,Robert Woods\WoodRo02,LAR,27,WR,15,15,139,90,1134,2,54,558,6.2,576,6.4,8.4,3,30.0,4,2.9,6,76.8
14,Zach Ertz*\ErtzZa00,PHI,29,TE,15,15,135,88,916,6,50,661,7.5,255,2.9,8.6,5,17.6,5,3.7,1,96.4
15,D.J. Moore\MoorD.00,CAR,22,WR,15,15,135,87,1175,4,63,791,9.1,384,4.4,11.1,6,14.5,4,3.0,5,86.5
16,Chris Godwin*\GodwCh00,TAM,23,WR,14,14,121,86,1333,9,63,756,8.8,577,6.7,10.4,8,10.8,1,0.8,5,114.8
17,George Kittle*+\KittGe00,SFO,26,TE,14,14,107,85,1053,5,53,451,5.3,602,7.1,5.9,8,10.6,2,1.9,1,119.4
18,Davante Adams*\AdamDa01,GNB,27,WR,12,12,127,83,997,5,54,609,7.3,388,4.7,10.0,3,27.7,7,5.5,1,99.1
19,Jarvis Landry*\LandJa00,CLE,27,WR,16,16,138,83,1174,6,55,738,8.9,436,5.3,9.7,5,16.6,5,3.6,8,78.0
20,Tyler Lockett\LockTy00,SEA,27,WR,16,16,110,82,1057,8,53,749,9.1,308,3.8,12.4,0,,2,1.8,1,124.7
21,Alvin Kamara*\KamaAl00,NOR,24,RB,14,9,97,81,533,1,28,-24,-0.3,557,6.9,0.3,10,8.1,5,5.2,1,88.7
22,Tarik Cohen\CoheTa00,CHI,24,RB,16,11,104,79,456,3,18,27,0.3,429,5.4,1.8,5,15.8,9,8.7,1,89.3
23,Amari Cooper*\CoopAm00,DAL,25,WR,16,16,119,79,1189,8,54,911,11.5,278,3.5,12.5,4,19.8,5,4.2,2,114.4
24,Jamison Crowder\CrowJa00,NYJ,26,WR,16,12,122,78,833,6,41,475,6.1,358,4.6,7.3,4,19.5,8,6.6,5,83.1
25,Leonard Fournette\FourLe00,JAX,24,RB,15,15,100,76,522,0,23,-36,-0.5,558,7.3,0.1,8,9.5,6,6.0,1,83.0
26,Larry Fitzgerald\FitzLa00,ARI,36,WR,16,16,109,75,804,4,40,461,6.1,343,4.6,7.8,0,,0,0.0,4,87.1
27,Austin Hooper*\HoopAu00,ATL,25,TE,13,10,97,75,787,6,41,452,6.0,335,4.5,6.5,5,15.0,1,1.0,2,112.3
28,Odell Beckham Jr.\BeckOd00,CLE,27,WR,16,15,133,74,1035,4,44,709,9.6,326,4.4,13.0,2,37.0,7,5.3,7,69.0
29,DJ Chark*\CharDJ00,JAX,23,WR,15,14,118,73,1008,8,42,679,9.3,329,4.5,11.5,5,14.6,4,3.4,2,104.8
30,John Brown\BrowJo02,BUF,29,WR,15,15,115,72,1060,6,53,850,11.8,210,2.9,14.5,4,18.0,5,4.3,3,99.2
31,DeVante Parker\ParkDe01,MIA,26,WR,16,14,128,72,1202,9,58,939,13.0,263,3.7,14.0,2,36.0,6,4.7,4,98.5
32,Courtland Sutton*\SuttCo00,DEN,24,WR,16,14,124,72,1112,6,50,760,10.6,352,4.9,11.6,12,6.0,5,4.0,2,97.2
33,James White\WhitJa02,NWE,27,,15,1,95,72,645,5,31,122,1.7,523,7.3,2.4,3,24.0,2,2.1,1,106.7
34,Tyler Higbee\HigbTy00,LAR,26,TE,15,15,89,69,734,3,36,338,4.9,396,5.7,6.6,5,13.8,2,2.2,1,107.6
35,Christian Kirk\KirkCh01,ARI,23,WR,13,13,108,68,709,3,31,423,6.2,286,4.2,10.0,1,68.0,4,3.7,1,87.3
36,Cole Beasley\BeasCo00,BUF,30,WR,15,10,106,67,778,6,37,448,6.7,330,4.9,8.0,4,16.8,6,5.7,4,88.5
37,Mike Evans*\EvanMi00,TAM,26,WR,13,13,118,67,1157,8,54,901,13.4,256,3.8,15.1,3,22.3,7,5.9,8,84.6
38,Le'Veon Bell\BellLe00,NYJ,27,RB,15,15,78,66,461,1,20,21,0.3,440,6.7,0.6,12,5.5,2,2.6,1,90.2
39,Michael Gallup\GallMi00,DAL,23,WR,14,12,113,66,1107,6,50,774,11.7,333,5.0,12.2,7,9.4,11,9.7,2,101.9
40,Emmanuel Sanders\SandEm00,2TM,32,,17,16,97,66,869,5,41,632,9.6,237,3.6,10.4,2,33.0,2,2.1,,113.3
41,Dede Westbrook\WestDe00,JAX,26,WR,15,11,101,66,660,3,31,343,5.2,317,4.8,6.3,3,22.0,3,3.0,2,85.4
42,Kenny Golladay*\GollKe00,DET,26,WR,16,16,116,65,1190,11,52,886,13.6,304,4.7,14.6,1,65.0,6,5.2,5,105.2
43,Mark Andrews*\AndrMa00,BAL,23,,15,4,98,64,852,10,44,561,8.8,291,4.5,10.6,3,21.3,7,7.1,3,114.0
44,Stefon Diggs\DiggSt00,MIN,26,WR,15,15,94,63,1130,6,41,828,13.1,302,4.8,14.9,2,31.5,6,6.4,5,107.1
45,Calvin Ridley\RidlCa00,ATL,25,WR,13,10,93,63,866,7,47,728,11.6,138,2.2,13.4,2,31.5,3,3.2,2,113.5
46,Jason Witten\WittJa00,DAL,37,TE,16,16,83,63,529,4,27,367,5.8,162,2.6,6.6,0,,6,7.2,0,108.0
47,Danny Amendola\AmenDa00,DET,34,WR,15,10,97,62,678,1,36,471,7.6,207,3.3,8.8,3,20.7,2,2.1,2,79.3
48,Marvin Jones\JoneMa02,DET,29,WR,13,11,91,62,779,9,41,673,10.9,106,1.7,13.0,2,31.0,2,2.2,5,104.6
49,Devonta Freeman\FreeDe00,ATL,27,RB,14,14,70,59,410,4,17,66,1.1,344,5.8,1.1,0,,1,1.4,1,104.2
50,Diontae Johnson\JohnDi01,PIT,23,WR,16,12,92,59,680,5,31,375,6.4,305,5.2,9.2,9,6.6,6,6.5,2,95.4
51,Mohamed Sanu\SanuMo00,2TM,30,,15,12,89,59,520,2,30,326,5.5,194,3.3,7.5,2,29.5,6,6.7,,89.2
52,Dallas Goedert\GoedDa00,PHI,24,TE,15,9,87,58,607,5,33,276,4.8,331,5.7,5.8,5,11.6,5,5.7,3,91.5
53,Tyreek Hill*\HillTy00,KAN,25,WR,12,12,89,58,860,7,39,585,10.1,275,4.7,12.9,4,14.5,3,3.4,2,113.5
54,Terry McLaurin\McLaTe00,WAS,24,WR,14,14,93,58,919,7,43,702,12.1,217,3.7,14.0,4,14.5,4,4.3,1,115.8
55,D.K. Metcalf\MetcDK00,SEA,22,WR,16,15,100,58,900,7,39,627,10.8,273,4.7,13.0,4,14.5,7,7.0,1,107.1
56,Deebo Samuel\SamuDe00,SFO,23,WR,15,11,81,57,802,3,32,329,5.8,473,8.3,7.5,7,8.1,9,11.1,1,109.2
57,Sterling Shepard\ShepSt00,NYG,26,WR,10,10,83,57,576,3,29,397,7.0,179,3.1,9.9,4,14.3,1,1.2,4,80.2
58,Randall Cobb\CobbRa00,DAL,29,wr,15,6,83,55,828,3,41,499,9.1,329,6.0,9.9,5,11.0,8,9.6,3,95.9
59,Hunter Henry\HenrHu00,LAC,25,TE,12,12,76,55,652,5,36,488,8.9,164,3.0,10.2,0,,4,5.3,1,114.6
60,Ezekiel Elliott*\ElliEz00,DAL,24,RB,16,16,71,54,420,2,21,25,0.5,395,7.3,0.6,6,9.0,4,5.6,0,99.5
61,Curtis Samuel\SamuCu00,CAR,23,WR,16,15,105,54,627,6,36,474,8.8,153,2.8,14.6,3,18.0,7,6.7,1,84.9
62,Dalvin Cook*\CookDa01,MIN,24,RB,14,14,63,53,519,0,26,-72,-1.4,591,11.2,-1.5,9,5.9,7,11.1,0,101.0
63,Robby Anderson\AndeRo04,NYJ,26,WR,16,15,96,52,779,5,35,586,11.3,193,3.7,14.6,1,52.0,4,4.2,3,85.4
64,Saquon Barkley\BarkSa00,NYG,22,RB,13,13,73,52,438,2,14,0,0.0,438,8.4,0.8,8,6.5,4,5.5,0,95.6
65,A.J. Brown\BrowAJ00,TEN,22,WR,16,11,84,52,1051,8,39,586,11.3,465,8.9,13.2,8,6.5,2,2.4,2,127.6
66,Anthony Miller\MillAn02,CHI,25,WR,16,7,85,52,656,2,34,439,8.4,217,4.2,10.1,4,13.0,3,3.5,3,78.4
67,Greg Olsen\OlseGr00,CAR,34,TE,14,14,82,52,597,2,34,396,7.6,201,3.9,9.0,2,26.0,3,3.7,2,83.2
68,Sammy Watkins\WatkSa00,KAN,26,WR,14,13,90,52,673,3,30,376,7.2,297,5.7,9.5,0,,4,4.4,0,92.5
69,Mike Gesicki\GesiMi00,MIA,24,te,16,5,89,51,570,5,25,408,8.0,162,3.2,10.1,0,,0,0.0,2,85.9
70,Kenyan Drake\DrakKe00,2TM,25,,14,10,68,50,345,0,15,-79,-1.6,424,8.5,-0.6,2,25.0,3,4.4,,84.5
71,Miles Sanders\SandMi01,PHI,22,RB,16,11,63,50,509,3,19,89,1.8,420,8.4,2.0,4,12.5,3,4.8,0,116.2
72,Will Fuller\FullWi01,HOU,25,WR,11,11,71,49,670,3,26,451,9.2,219,4.5,14.2,2,24.5,5,7.0,3,95.4
73,Russell Gage\GageRu00,ATL,23,,16,4,74,49,446,1,25,295,6.0,151,3.1,7.1,0,,0,0.0,1,81.3
74,Aaron Jones\JoneAa00,GNB,25,RB,16,16,68,49,474,3,18,41,0.8,433,8.8,2.8,10,4.9,2,2.9,0,105.9
75,Hunter Renfrow\RenfHu00,OAK,24,,13,4,71,49,605,4,30,304,6.2,301,6.1,7.0,5,9.8,4,5.6,1,108.0
76,Golden Tate\TateGo00,NYG,31,WR,11,10,85,49,676,6,30,392,8.0,284,5.8,9.6,3,16.3,3,3.5,4,87.2
77,Mike Williams\WillMi07,LAC,25,WR,15,15,90,49,1001,2,41,814,16.6,187,3.8,17.8,3,16.3,4,4.4,8,64.2
78,Darius Slayton\SlayDa01,NYG,22,WR,14,9,84,48,740,8,32,551,11.5,189,3.9,14.1,5,9.6,2,2.4,4,98.3
79,Chris Conley\ConlCh00,JAX,27,WR,16,14,90,47,775,5,36,523,11.1,252,5.4,14.2,5,9.4,7,7.8,0,100.0
80,Jaylen Samuels\SamuJa00,PIT,23,,14,4,57,47,305,1,19,-61,-1.3,366,7.8,-0.8,1,47.0,5,8.8,1,87.5
81,Marquise Brown\BrowMa04,BAL,22,wr,14,11,71,46,584,7,24,358,7.8,226,4.9,11.0,3,15.3,2,2.8,0,123.2
82,T.Y. Hilton\HiltT.00,IND,30,WR,10,10,68,45,501,5,24,288,6.4,213,4.7,10.3,2,22.5,3,4.4,1,106.3
83,Evan Engram\EngrEv00,NYG,25,TE,8,6,68,44,467,3,23,215,4.9,252,5.7,5.8,2,22.0,3,4.4,0,99.3
84,Nyheim Hines\HineNy00,IND,23,,16,2,58,44,320,0,15,5,0.1,315,7.2,1.3,4,11.0,2,3.4,0,88.3
85,Duke Johnson\JohnDu00,HOU,26,,16,2,62,44,410,3,18,49,1.1,361,8.2,2.6,9,4.9,1,1.6,2,91.5
86,James Washington\WashJa00,PIT,23,WR,15,10,80,44,735,3,31,550,12.5,185,4.2,15.8,1,44.0,5,6.3,5,72.7
87,Jared Cook*\CookJa02,NOR,32,te,14,7,65,43,705,9,32,451,10.5,254,5.9,10.3,3,14.3,4,6.2,1,135.6
88,Corey Davis\DaviCo03,TEN,24,WR,15,11,69,43,601,2,33,360,8.4,241,5.6,11.5,8,5.4,4,5.8,0,100.0
89,Jack Doyle*\DoylJa00,IND,29,TE,16,16,72,43,448,4,29,232,5.4,216,5.0,6.8,0,,3,4.2,2,84.7
90,Tyler Eifert\EifeTy00,CIN,29,,16,4,63,43,436,3,24,312,7.3,124,2.9,8.0,1,43.0,5,7.9,1,97.1
91,Alex Erickson\EricAl01,CIN,27,wr,16,6,78,43,529,0,26,265,6.2,264,6.1,8.1,3,14.3,2,2.6,3,60.3
92,Royce Freeman\FreeRo00,DEN,23,,16,0,50,43,256,1,10,-3,-0.1,259,6.0,0.1,4,10.8,2,4.0,0,94.7
93,Alshon Jeffery\JeffAl00,PHI,29,WR,10,10,73,43,490,4,36,379,8.8,111,2.6,11.1,0,,3,4.1,1,91.7
94,Albert Wilson\WilsAl02,MIA,27,,13,4,62,43,351,1,22,172,4.0,179,4.2,5.3,1,43.0,5,8.1,1,82.1
95,Brandin Cooks\CookBr00,LAR,26,WR,14,14,72,42,583,2,32,414,9.9,169,4.0,13.9,0,,4,5.6,2,82.1
96,Melvin Gordon\GordMe00,LAC,26,RB,12,11,55,42,296,1,11,-25,-0.6,321,7.6,-0.9,8,5.3,4,7.3,0,94.2
97,JuJu Smith-Schuster\SmitJu00,PIT,23,WR,12,12,70,42,552,3,23,323,7.7,229,5.5,9.7,0,,5,7.1,3,81.4
98,Chris Thompson\ThomCh03,WAS,29,,11,0,58,42,378,0,16,41,1.0,337,8.0,1.7,3,14.0,2,3.4,0,89.6
99,Tyrell Williams\WillTy00,OAK,27,WR,14,12,64,42,651,6,33,461,11.0,190,4.5,13.7,1,42.0,5,7.8,3,110.9
100,Jacob Hollister\HollJa03,SEA,26,,11,3,59,41,349,3,16,180,4.4,169,4.1,5.8,3,13.7,1,1.7,2,87.5
101,Zach Pascal\PascZa00,IND,25,WR,16,13,72,41,607,5,29,372,9.1,235,5.7,10.8,3,13.7,3,4.2,4,84.7
102,Noah Fant\FantNo00,DEN,22,TE,16,11,66,40,562,3,23,232,5.8,330,8.3,7.6,3,13.3,5,7.6,3,84.3
103,Kenny Stills\StilKe00,HOU,27,wr,13,5,55,40,561,4,27,417,10.4,144,3.6,10.5,0,,2,3.6,1,121.9
104,Auden Tate\TateAu00,CIN,22,WR,12,10,80,40,575,1,29,455,11.4,120,3.0,11.5,3,13.3,3,3.8,2,67.4
105,Nelson Agholor\AghoNe00,PHI,26,WR,11,10,69,39,363,3,17,237,6.1,126,3.2,11.2,4,9.8,4,5.8,0,85.6
106,Kyle Rudolph\RudoKy00,MIN,30,TE,16,16,48,39,367,6,24,177,4.5,190,4.9,6.4,1,39.0,0,0.0,0,138.1
107,Jamaal Williams\WillJa06,GNB,24,,14,2,45,39,253,5,16,-26,-0.7,279,7.2,-0.8,10,3.9,1,2.2,0,127.1
108,Jimmy Graham\GrahJi00,GNB,33,TE,16,10,60,38,447,3,23,204,5.4,243,6.4,8.9,2,19.0,2,3.3,0,102.6
109,Vance McDonald\McDoVa00,PIT,29,TE,14,14,55,38,273,3,12,101,2.7,172,4.5,5.1,1,38.0,3,5.5,2,83.4
110,Chris Carson\CarsCh00,SEA,25,RB,15,15,47,37,266,2,10,-29,-0.8,295,8.0,-0.6,6,6.2,3,6.4,0,104.4
111,Gerald Everett\EverGe00,LAR,25,,13,2,60,37,408,2,22,230,6.2,178,4.8,8.1,9,4.1,0,0.0,2,79.0
112,Adam Humphries\HumpAd00,TEN,26,,12,3,47,37,374,2,20,254,6.9,120,3.2,7.5,0,,1,2.1,0,114.0
113,Kareem Hunt\HuntKa00,CLE,24,,8,3,44,37,285,1,17,9,0.2,276,7.5,0.8,4,9.3,2,4.5,0,101.2
114,Jordan Akins\AkinJo00,HOU,27,TE,16,9,55,36,418,2,21,172,4.8,246,6.8,6.8,6,6.0,4,7.3,3,77.7
115,Cameron Brate\BratCa00,TAM,28,TE,16,6,55,36,311,4,21,221,6.1,90,2.5,7.0,1,36.0,2,3.6,1,96.9
116,Nick Chubb*\ChubNi00,CLE,24,RB,16,16,49,36,278,0,13,-40,-1.1,318,8.8,-0.6,8,4.5,4,8.2,0,86.9
117,David Johnson\JohnDa08,ARI,28,rb,13,9,47,36,370,4,17,148,4.1,222,6.2,3.4,2,18.0,2,4.3,1,118.2
118,Breshad Perriman\PerrBr02,TAM,26,,14,4,69,36,645,6,29,518,14.4,127,3.5,16.3,1,36.0,0,0.0,3,95.4
119,Jalen Richard\RichJa01,OAK,26,,16,0,43,36,323,0,15,87,2.4,236,6.6,2.1,1,36.0,3,7.0,0,98.0
120,Irv Smith Jr.\SmitIr01,MIN,21,,16,7,47,36,311,2,17,175,4.9,136,3.8,5.6,0,,1,2.1,0,107.7
121,Demaryius Thomas\ThomDe03,NYJ,32,WR,11,10,58,36,433,1,22,263,7.3,170,4.7,9.6,1,36.0,5,8.6,3,69.1
122,DeAndre Washington\WashDe00,OAK,26,,16,3,41,36,292,0,10,46,1.3,246,6.8,1.3,0,,2,4.9,0,96.3
123,Allen Lazard\LazaAl00,GNB,24,,16,3,52,35,477,3,24,346,9.9,131,3.7,14.2,0,,2,3.8,0,115.6
124,Phillip Lindsay\LindPh00,DEN,25,RB,16,16,48,35,196,0,9,-47,-1.3,243,6.9,-1.5,0,,6,12.5,0,79.9
125,Joe Mixon\MixoJo00,CIN,23,RB,16,15,45,35,287,3,14,-44,-1.3,331,9.5,-0.3,4,8.8,1,2.2,0,115.5
126,Dare Ogunbowale\OgunDa00,TAM,25,,16,0,46,35,286,0,14,79,2.3,207,5.9,2.6,2,17.5,2,4.3,3,64.2
127,Jonnu Smith\SmitJo01,TEN,24,TE,16,14,44,35,439,3,16,166,4.7,273,7.8,5.3,6,5.8,2,4.5,1,121.5
128,Geronimo Allison\AlliGe01,GNB,25,wr,16,6,55,34,287,2,16,177,5.2,110,3.2,7.4,1,34.0,5,9.1,0,87.5
129,James Conner\ConnJa00,PIT,24,RB,10,10,38,34,251,3,14,-47,-1.4,298,8.8,-1.4,8,4.3,1,2.6,0,120.5
130,Darren Fells\FellDa01,HOU,33,TE,16,14,48,34,341,7,22,173,5.1,168,4.9,5.4,2,17.0,3,6.3,0,130.3
131,Ryan Griffin\GrifRy00,NYJ,29,TE,13,13,41,34,320,5,19,138,4.1,182,5.4,5.4,2,17.0,2,4.9,0,138.8
132,O.J. Howard\HowaO.00,TAM,25,TE,14,14,53,34,459,1,23,309,9.1,150,4.4,10.0,2,17.0,5,9.4,2,82.2
133,J.D. McKissic\McKiJ.00,DET,26,,16,3,42,34,233,1,7,-4,-0.1,237,7.0,0.1,3,11.3,0,0.0,0,97.7
134,Latavius Murray\MurrLa00,NOR,29,rb,16,8,43,34,235,1,9,-49,-1.4,284,8.4,-1.2,5,6.8,3,7.0,1,87.5
135,Steven Sims\SimsSt00,WAS,22,,16,2,56,34,310,4,18,138,4.1,172,5.1,6.8,1,34.0,4,7.1,1,92.1
136,Damiere Byrd\ByrdDa00,ARI,26,,11,3,46,32,359,1,16,209,6.5,150,4.7,10.0,3,10.7,1,2.2,1,90.8
137,T.J. Hockenson\HockTJ00,DET,22,te,12,7,59,32,367,2,19,167,5.2,200,6.3,7.5,4,8.0,2,3.4,0,84.5
138,Allen Hurns\HurnAl01,MIA,28,WR,14,7,47,32,416,2,18,300,9.4,116,3.6,10.4,1,32.0,2,4.3,1,101.0
139,Demarcus Robinson\RobiDe01,KAN,25,wr,16,10,55,32,449,4,19,338,10.6,111,3.5,13.2,4,8.0,1,1.8,2,93.7
140,Preston Williams\WillPr01,MIA,22,WR,8,7,60,32,428,3,24,344,10.8,84,2.6,13.6,2,16.0,4,6.7,2,79.0
141,Nick Boyle\BoylNi00,BAL,26,TE,16,15,43,31,321,2,13,161,5.2,160,5.2,6.1,0,,2,4.7,1,99.1
142,Eric Ebron\EbroEr00,IND,26,,11,2,52,31,375,3,20,220,7.1,155,5.0,9.5,0,,5,9.6,3,77.0
143,Todd Gurley\GurlTo01,LAR,25,RB,15,15,49,31,207,2,8,11,0.4,196,6.3,0.6,1,31.0,7,14.3,0,86.0
144,Blake Jarwin\JarwBl00,DAL,25,te,16,7,41,31,365,3,17,208,6.7,157,5.1,8.0,1,31.0,1,2.4,0,126.6
145,Olabisi Johnson\JohnOl00,MIN,22,,16,6,45,31,294,3,17,226,7.3,68,2.2,9.6,0,,0,0.0,0,108.9
146,Ronald Jones II\JoneRo01,TAM,22,RB,16,9,40,31,309,0,12,19,0.6,290,9.4,0.9,5,6.2,1,2.5,1,88.4
147,Kaden Smith\SmitKa00,NYG,22,te,9,6,42,31,268,3,12,177,5.7,91,2.9,5.7,1,31.0,1,2.4,0,114.0
148,Willie Snead\SneaWi00,BAL,27,WR,16,11,46,31,339,5,20,213,6.9,126,4.1,8.9,1,31.0,1,2.2,3,98.0
149,Giovani Bernard\BernGi00,CIN,28,,16,2,43,30,234,0,7,32,1.1,202,6.7,0.6,3,10.0,2,4.7,1,73.2
150,Kendrick Bourne\BourKe00,SFO,24,,16,0,44,30,358,5,23,236,7.9,122,4.1,8.3,2,15.0,3,6.8,1,121.2
151,Ted Ginn Jr.\GinnTe00,NOR,34,WR,16,9,56,30,421,2,20,373,12.4,48,1.6,15.9,0,,7,12.5,1,82.5
152,Kelvin Harmon\HarmKe00,WAS,23,WR,16,8,44,30,365,0,16,271,9.0,94,3.1,11.4,2,15.0,2,4.5,2,74.5
153,Hayden Hurst\HursHa00,BAL,26,,16,4,39,30,349,2,16,201,6.7,148,4.9,8.5,1,30.0,0,0.0,0,120.6
154,Adam Thielen\ThieAd00,MIN,29,WR,10,10,48,30,418,6,18,301,10.0,117,3.9,12.2,2,15.0,1,2.1,0,130.0
155,Damien Williams\WillDa05,KAN,27,rb,11,6,37,30,213,2,10,-17,-0.6,230,7.7,0.9,5,6.0,2,5.4,0,108.7
156,Phillip Dorsett\DorsPh00,NWE,26,,14,4,54,29,397,5,17,318,11.0,79,2.7,13.9,0,,0,0.0,1,100.6
157,Taylor Gabriel\GabrTa00,CHI,28,WR,9,7,48,29,353,4,17,274,9.4,79,2.7,11.6,0,,3,6.3,0,110.9
158,Devin Singletary\SingDe00,BUF,22,RB,12,8,41,29,194,2,5,1,0.0,193,6.7,1.5,3,9.7,4,9.8,0,97.0
159,DaeSean Hamilton\HamiDa01,DEN,24,,16,2,52,28,297,1,19,169,6.0,128,4.6,8.1,2,14.0,4,7.7,0,77.2
160,Dawson Knox\KnoxDa00,BUF,23,TE,15,11,50,28,388,2,15,244,8.7,144,5.1,9.1,3,9.3,10,20.0,0,94.4
161,LeSean McCoy\McCoLe01,KAN,31,RB,13,9,34,28,181,1,6,-55,-2.0,236,8.4,-0.7,1,28.0,1,2.9,0,98.7
162,Paul Richardson\RichPa01,WAS,27,WR,10,6,42,28,245,2,13,195,7.0,50,1.8,9.6,0,,2,4.8,2,78.0
163,John Ross\RossJo00,CIN,25,WR,8,8,56,28,506,3,22,308,11.0,198,7.1,15.6,3,9.3,8,14.3,2,84.4
164,Greg Ward\WardGr02,PHI,24,,7,3,40,28,254,1,18,160,5.7,94,3.4,6.7,1,28.0,0,0.0,0,95.2
165,Jarius Wright\WrigJa02,CAR,30,WR,16,9,58,28,296,0,16,203,7.3,93,3.3,10.5,1,28.0,8,13.8,5,27.7
166,Rex Burkhead\BurkRe00,NWE,29,,13,1,38,27,279,0,10,50,1.9,229,8.5,3.2,3,9.0,2,5.3,0,91.9
167,Josh Gordon\GordJo02,2TM,28,,11,7,47,27,426,1,16,284,10.5,142,5.3,11.0,4,6.8,2,4.3,,94.8
168,Zay Jones\JoneZa00,2TM,24,,15,9,45,27,216,0,10,139,5.1,77,2.9,9.9,0,,1,2.2,,72.1
169,Isaiah McKenzie\McKeIs00,BUF,24,WR,15,8,39,27,254,1,12,48,1.8,206,7.6,4.3,1,27.0,2,5.1,0,95.5
170,C.J. Uzomah\UzomC.00,CIN,26,TE,16,16,40,27,242,2,12,107,4.0,135,5.0,3.9,1,27.0,2,5.0,1,89.8
171,Mecole Hardman*\HardMe00,KAN,21,wr,16,5,41,26,538,6,18,246,9.5,292,11.2,11.0,2,13.0,1,2.4,0,146.6
172,Mark Ingram*\IngrMa01,BAL,30,RB,15,15,29,26,247,5,16,27,1.0,220,8.5,1.5,2,13.0,0,0.0,0,141.7
173,Jakobi Meyers\MeyeJa01,NWE,23,,15,1,41,26,359,0,17,245,9.4,114,4.4,10.3,3,8.7,2,4.9,0,91.4
174,Trey Quinn\QuinTr00,WAS,24,wr,12,6,47,26,198,1,10,137,5.3,61,2.3,6.9,0,,1,2.1,2,55.1
175,Jeremy Sprinkle\SpriJe00,WAS,25,TE,16,13,40,26,241,1,13,150,5.8,91,3.5,6.5,0,,4,10.0,2,68.9
176,Marquez Valdes-Scantling\ValdMa00,GNB,25,WR,16,10,56,26,452,2,14,301,11.6,151,5.8,16.9,0,,3,5.4,1,78.9
177,Pharoh Cooper\CoopPh00,2TM,24,,13,1,33,25,243,1,10,173,6.9,70,2.8,10.2,0,,1,3.0,,106.0
178,Josh Hill\HillJo02,NOR,29,TE,16,11,35,25,226,3,13,67,2.7,159,6.4,4.9,0,,1,2.9,0,117.1
179,Dion Lewis\LewiDi00,TEN,29,,16,1,32,25,164,1,7,-29,-1.2,193,7.7,-0.7,2,12.5,2,6.3,0,98.4
180,David Montgomery\MontDa01,CHI,22,rb,16,8,35,25,185,1,7,29,1.2,156,6.2,2.7,6,4.2,2,5.7,0,93.2
181,Tajae Sharpe\SharTa00,TEN,25,WR,15,6,35,25,329,4,20,271,10.8,58,2.3,14.2,0,,0,0.0,1,127.0
182,Keelan Cole\ColeKe00,JAX,26,,16,1,35,24,361,3,19,262,10.9,99,4.1,10.7,0,,1,2.9,1,118.9
183,Ty Johnson\JohnTy02,DET,22,,16,1,31,24,109,0,4,22,0.9,87,3.6,2.2,1,24.0,2,6.5,0,81.2
184,Cody Latimer\LatiCo00,NYG,27,wr,15,10,42,24,300,2,19,231,9.6,69,2.9,11.8,0,,1,2.4,1,85.4
185,Boston Scott\ScotBo02,PHI,24,,11,2,26,24,204,0,10,-69,-2.9,273,11.4,-1.8,2,12.0,1,3.8,0,99.4
186,Will Dissly\DissWi00,SEA,23,TE,6,6,27,23,262,4,14,192,8.3,70,3.0,9.5,0,,0,0.0,0,146.7
187,Isaiah Ford\FordIs00,MIA,23,,8,0,35,23,244,0,16,158,6.9,86,3.7,7.6,4,5.8,1,2.9,2,62.1
188,Bennie Fowler\FowlBe00,NYG,28,,8,2,36,23,193,0,12,164,7.1,29,1.3,10.3,1,23.0,2,5.6,2,54.5
189,Patrick Laird\LairPa00,MIA,24,,15,4,30,23,204,0,13,28,1.2,176,7.7,1.4,2,11.5,2,6.7,0,94.3
190,Keke Coutee\CoutKe00,HOU,22,,9,4,36,22,254,0,10,114,5.2,140,6.4,7.6,3,7.3,1,2.8,2,59.3
191,Tevin Coleman\ColeTe01,SFO,26,RB,14,11,30,21,180,1,9,-24,-1.1,204,9.7,-1.0,0,,2,6.7,1,82.6
192,KeeSean Johnson\JohnKe07,ARI,23,,10,4,42,21,187,1,10,144,6.9,43,2.0,8.7,0,,3,7.1,1,60.3
193,Foster Moreau\MoreFo00,OAK,22,TE,13,7,25,21,174,5,14,77,3.7,97,4.6,4.4,4,5.3,0,0.0,1,118.6
194,Josh Reynolds\ReynJo00,LAR,24,,16,2,43,21,326,1,15,187,8.9,139,6.6,10.6,6,3.5,3,7.0,1,72.4
195,Seth Roberts\RobeSe00,BAL,28,,16,0,35,21,271,2,18,201,9.6,70,3.3,9.4,0,,0,0.0,1,91.5
196,Delanie Walker\WalkHu00,TEN,35,,7,4,31,21,215,2,11,149,7.1,66,3.1,7.5,0,,2,6.5,1,95.5
197,Josh Jacobs\JacoJo01,OAK,21,RB,13,13,27,20,166,0,8,-17,-0.9,183,9.2,-1.3,4,5.0,3,11.1,0,89.4
198,Kyle Juszczyk*\JuszKy00,SFO,28,FB,12,12,24,20,239,1,11,82,4.1,157,7.9,5.6,1,20.0,1,4.2,0,122.0
199,Matt Breida\BreiMa00,SFO,24,rb,13,5,22,19,120,1,6,-7,-0.4,127,6.7,-0.5,2,9.5,1,4.5,1,85.6
200,Jakeem Grant\GranJa00,MIA,27,,10,2,33,19,164,0,9,77,4.1,87,4.6,12.3,0,,1,3.0,2,45.5
201,Justin Hardy\HardJu00,ATL,28,,16,1,26,19,195,0,9,114,6.0,81,4.3,7.7,0,,2,7.7,0,94.2
202,Taysom Hill\HillTa00,NOR,29,wr,16,5,22,19,234,6,14,85,4.5,149,7.8,4.7,2,9.5,1,4.5,0,150.6
203,Parris Campbell\CampPa00,IND,22,,7,3,24,18,127,1,6,31,1.7,96,5.3,8.3,3,6.0,1,4.2,0,100.5
204,Charles Clay\ClayCh00,ARI,30,TE,15,10,24,18,237,1,12,142,7.9,95,5.3,6.3,2,9.0,0,0.0,1,102.3
205,Rhett Ellison\ElliRh00,NYG,31,fb,10,7,28,18,167,1,4,84,4.7,83,4.6,5.2,2,9.0,2,7.1,1,77.5
206,Derrick Henry *\HenrDe00,TEN,25,RB,15,15,24,18,206,2,4,-23,-1.3,229,12.7,-1.6,2,9.0,3,12.5,0,128.1
207,Tre'Quan Smith\SmitTr03,NOR,23,WR,11,6,25,18,234,5,17,123,6.8,111,6.2,9.0,4,4.5,0,0.0,1,124.0
208,Javon Wims\WimsJa00,CHI,25,wr,16,6,39,18,186,1,9,141,7.8,45,2.5,11.6,0,,3,7.7,2,47.6
209,C.J. Ham*\HamxC.00,MIN,26,FB,16,7,26,17,149,1,6,24,1.4,125,7.4,1.6,2,8.5,1,3.8,0,93.3
210,Marcus Johnson\JohnMa07,IND,25,WR,8,6,33,17,277,2,12,234,13.8,43,2.5,17.3,0,,3,9.1,0,100.2
211,David Moore\MoorDa03,SEA,24,,14,1,34,17,301,2,14,173,10.2,128,7.5,14.2,3,5.7,1,2.9,1,88.0
212,Adrian Peterson\PeteAd01,WAS,34,RB,15,15,23,17,142,0,7,-19,-1.1,161,9.5,-1.9,6,2.8,1,4.3,0,89.4
213,Vyncint Smith\SmitVy00,NYJ,23,,13,4,31,17,225,0,11,120,7.1,105,6.2,12.0,2,8.5,2,6.5,2,51.1
214,Nick Vannett\VannNi00,2TM,26,,16,7,22,17,166,0,5,100,5.9,66,3.9,6.4,2,8.5,0,0.0,,97.9
215,Ben Watson\WatsBe00,NWE,39,te,10,8,24,17,173,0,9,90,5.3,83,4.9,8.9,2,8.5,2,8.3,0,91.1
216,Peyton Barber\BarbPe01,TAM,25,rb,16,7,24,16,115,1,4,2,0.1,113,7.1,1.5,2,8.0,1,4.2,1,74.1
217,Jaron Brown\BrowJa03,SEA,29,WR,14,4,28,16,220,2,10,155,9.7,65,4.1,8.9,0,,2,7.1,1,91.4
218,Jesse James\JameJe00,DET,25,TE,16,11,27,16,142,0,8,77,4.8,65,4.1,5.2,1,16.0,2,7.4,0,73.4
219,Tim Patrick\PatrTi00,DEN,26,,8,2,31,16,218,0,14,180,11.3,38,2.4,10.2,1,16.0,1,3.2,1,61.0
220,Chester Rogers\RogeCh02,IND,25,wr,12,6,28,16,179,2,11,110,6.9,69,4.3,8.7,0,,2,7.1,0,100.1
221,Ian Thomas\ThomIa00,CAR,23,,16,3,30,16,136,1,10,63,3.9,73,4.6,7.1,0,,3,10.0,1,62.6
222,Logan Thomas\ThomLo00,DET,28,,16,3,28,16,173,1,10,100,6.3,73,4.6,7.8,0,,0,0.0,1,72.5
223,Ameer Abdullah\AbduAm00,MIN,26,,16,0,21,15,88,1,5,9,0.6,79,5.3,0.4,0,,0,0.0,1,75.1
224,Ross Dwelley\DwelRo00,SFO,24,te,16,6,22,15,91,2,8,51,3.4,40,2.7,5.3,0,,0,0.0,1,87.5
225,Demetrius Harris\HarrDe03,CLE,28,TE,15,6,27,15,149,3,10,81,5.4,68,4.5,6.3,3,5.0,5,18.5,0,108.4
226,Marcedes Lewis\LewiMa00,GNB,35,TE,16,11,19,15,156,1,8,74,4.9,82,5.5,5.7,0,,0,0.0,0,118.4
227,Tony Pollard\PollTo00,DAL,22,,15,0,20,15,107,1,4,-28,-1.9,135,9.0,-0.9,1,15.0,1,5.0,1,82.7
228,Malik Turner\TurnMa00,SEA,23,,15,3,22,15,245,1,10,144,9.6,101,6.7,12.0,0,,1,4.5,0,120.5
229,Mark Walton\WaltMa00,MIA,22,,7,4,21,15,89,0,3,-3,-0.2,92,6.1,-0.5,1,15.0,1,4.8,0,79.3
230,Justin Watson\WatsJu01,TAM,24,,16,2,26,15,159,2,10,145,9.7,14,0.9,13.5,0,,1,3.8,2,69.2
231,Darrel Williams\WillDa10,KAN,24,,12,0,19,15,167,1,7,-12,-0.8,179,11.9,1.1,0,,0,0.0,0,120.8
232,Maxx Williams\WillMa04,ARI,25,TE,16,10,19,15,202,1,11,98,6.5,104,6.9,7.2,3,5.0,1,5.3,1,106.6
233,Ryquell Armstead\ArmsRy00,JAX,23,,16,1,24,14,144,2,9,25,1.8,119,8.5,1.5,0,,2,8.3,1,86.1
234,Kalen Ballage\BallKa00,MIA,24,RB,12,6,24,14,63,0,4,-24,-1.7,87,6.2,-0.3,0,,4,16.7,1,45.8
235,Trey Burton\BurtTr01,CHI,28,te,8,5,24,14,84,0,5,48,3.4,36,2.6,5.0,0,,2,8.3,1,47.9
236,Anthony Firkser\FirkAn00,TEN,24,,15,1,24,14,204,1,9,133,9.5,71,5.1,9.3,0,,1,4.2,1,82.6
237,Jeff Heuerman\HeueJe00,DEN,27,TE,14,11,20,14,114,1,9,72,5.1,42,3.0,5.4,1,14.0,0,0.0,1,80.0
238,Marlon Mack\MackMa00,IND,23,RB,14,12,17,14,82,0,2,2,0.1,80,5.7,-0.3,0,,1,5.9,0,86.8
239,Raheem Mostert\MostRa00,SFO,27,,16,0,22,14,180,2,6,25,1.8,155,11.1,2.0,1,14.0,2,9.1,0,119.5
240,James O'Shaughnessy\O'ShJa00,JAX,27,TE,5,5,20,14,153,2,7,69,4.9,84,6.0,5.9,2,7.0,0,0.0,0,125.6
241,Ricky Seals-Jones\SealRi00,CLE,24,,14,3,22,14,229,4,10,134,9.6,95,6.8,11.5,0,,1,4.5,0,138.1
242,Tavon Austin\AustTa00,DAL,29,,14,0,24,13,177,1,8,92,7.1,85,6.5,12.5,0,,0,0.0,1,74.5
243,Miles Boykin\BoykMi00,BAL,23,WR,16,11,22,13,198,3,10,186,14.3,12,0.9,17.2,0,,1,4.5,0,128.4
244,Derek Carrier\CarrDe00,OAK,29,,16,4,19,13,108,1,4,57,4.4,51,3.9,8.7,0,,1,5.3,0,100.3
245,Frank Gore\GoreFr00,BUF,36,rb,16,8,16,13,100,0,5,12,0.9,88,6.8,0.9,1,13.0,1,6.3,0,92.7
246,Matt LaCosse\LaCoMa00,NWE,27,TE,11,8,19,13,131,1,6,85,6.5,46,3.5,7.1,0,,2,10.5,1,83.4
247,Scott Miller\MillSc01,TAM,22,,10,2,26,13,200,1,5,164,12.6,36,2.8,17.9,0,,0,0.0,0,88.6
248,Ty Montgomery\MontTy01,NYJ,26,,16,2,17,13,90,0,3,-4,-0.3,94,7.2,1.4,1,13.0,0,0.0,1,63.4
249,Nick O'Leary\OLeaNi00,2TM,27,,12,5,18,13,109,1,4,70,5.4,39,3.0,5.3,0,,1,5.6,,106.0
250,Geoff Swaim\SwaiGe00,JAX,26,,6,2,17,13,65,0,1,19,1.5,46,3.5,3.2,0,,1,5.9,0,81.7
251,T.J. Yeldon\YeldT.00,BUF,26,,6,0,15,13,124,0,6,9,0.7,115,8.8,1.1,1,13.0,0,0.0,1,73.3
252,Seth Devalve\DevaSe00,JAX,26,te,12,6,18,12,140,0,7,79,6.6,61,5.1,5.8,0,,1,5.6,0,90.0
253,Chase Edmonds\EdmoCh00,ARI,23,,13,2,21,12,105,1,5,-3,-0.3,108,9.0,0.1,2,6.0,5,23.8,1,66.6
254,Marquise Goodwin\GoodMa00,SFO,29,wr,9,6,21,12,186,1,10,153,12.8,33,2.8,13.4,0,,2,9.5,0,102.5
255,N'Keal Harry\HarrNK00,NWE,22,wr,7,5,24,12,105,2,7,63,5.3,42,3.5,9.3,1,12.0,1,4.2,1,72.4
256,Dontrell Hilliard\HillDo00,CLE,24,,14,0,15,12,92,0,4,-11,-0.9,103,8.6,0.3,0,,1,6.7,1,64.4
257,Dontrelle Inman\InmaDo00,2TM,30,,7,1,21,12,181,0,9,139,11.6,42,3.5,13.0,0,,2,9.5,,85.6
258,Jake Kumerow\KumeJa00,GNB,27,,14,4,21,12,219,1,8,134,11.2,85,7.1,15.1,2,6.0,0,0.0,1,89.2
259,Sony Michel\MichSo00,NWE,24,RB,16,14,20,12,94,0,7,-2,-0.2,96,8.0,0.5,1,12.0,3,15.0,0,71.7
260,Byron Pringle\PrinBy00,KAN,26,,16,0,16,12,170,1,7,107,8.9,63,5.3,11.1,2,6.0,2,12.5,1,103.6
261,Damion Ratley\RatlDa00,CLE,24,,13,3,24,12,200,1,11,153,12.8,47,3.9,12.8,1,12.0,0,0.0,1,75.0
262,Duke Williams\WillDu01,BUF,26,,4,3,19,12,166,1,8,116,9.7,50,4.2,11.1,2,6.0,2,10.5,0,108.7
263,Christian Blake\BlakCh00,ATL,23,,9,3,24,11,91,0,5,67,6.1,24,2.2,7.7,0,,0,0.0,0,56.1
264,DeAndre Carter\CartDe02,HOU,26,,16,3,14,11,162,0,6,105,9.5,57,5.2,10.8,0,,0,0.0,0,114.9
265,Keelan Doss\DossKe00,OAK,23,,8,2,14,11,133,0,6,76,6.9,57,5.2,8.9,0,,1,7.1,0,106.2
266,Wayne Gallman\GallWa00,NYG,25,,10,2,15,11,102,1,4,-2,-0.2,104,9.5,2.1,2,5.5,0,0.0,0,113.7
267,Travis Homer\HomeTr00,SEA,21,,16,1,13,11,56,0,3,-4,-0.4,60,5.5,-0.3,1,11.0,0,0.0,0,84.6
268,Cordarrelle Patterson*+\PattCo00,CHI,28,,16,4,17,11,83,0,3,11,1.0,72,6.5,4.9,2,5.5,0,0.0,0,76.3
269,Dante Pettis\PettDa00,SFO,24,,11,4,24,11,109,2,7,86,7.8,23,2.1,7.9,1,11.0,3,12.5,2,52.3
270,Ito Smith\SmitIt00,ATL,24,,7,0,14,11,87,0,2,15,1.4,72,6.5,1.7,2,5.5,0,0.0,0,92.6
271,JJ Arcega-Whiteside\ArceJJ00,PHI,23,wr,16,5,22,10,169,1,7,153,15.3,16,1.6,16.6,0,,1,4.5,1,68.2
272,Vernon Davis\DaviVe00,WAS,35,,4,1,19,10,123,1,4,43,4.3,80,8.0,6.9,2,5.0,1,5.3,2,50.9
273,Brian Hill\HillBr02,ATL,24,,12,2,14,10,69,1,4,15,1.5,54,5.4,1.5,2,5.0,1,7.1,0,106.0
274,Mack Hollins\HollMa00,2TM,26,,16,3,23,10,125,0,7,92,9.2,33,3.3,13.2,0,,1,4.3,,61.0
275,Jordan Howard\HowaJo00,PHI,25,,10,4,14,10,69,1,3,0,0.0,69,6.9,0.1,1,10.0,1,7.1,0,106.0
276,Carlos Hyde\HydeCa00,HOU,29,RB,16,14,16,10,42,0,2,-9,-0.9,51,5.1,1.4,2,5.0,1,6.3,2,27.1
277,Kerryon Johnson\JohnKe06,DET,22,RB,8,7,15,10,127,1,7,11,1.1,116,11.6,4.6,2,5.0,2,13.3,0,115.1
278,Alexander Mattison\MattAl01,MIN,21,,13,0,12,10,82,0,3,8,0.8,74,7.4,2.3,0,,0,0.0,0,95.1
279,C.J. Prosise\ProsC.00,SEA,25,,9,0,12,10,76,0,3,10,1.0,66,6.6,4.3,0,,0,0.0,0,93.1
280,Robert Tonyan\TonyRo00,GNB,25,,11,1,15,10,100,1,4,74,7.4,26,2.6,10.5,0,,0,0.0,0,107.6
281,Andrew Beck\BeckAn01,DEN,23,te,16,6,12,9,90,1,6,23,2.6,67,7.4,2.2,0,,1,8.3,0,123.6
282,Brandon Bolden\BoldBr00,NWE,29,,15,2,11,9,111,1,6,52,5.8,59,6.6,6.0,1,9.0,1,9.1,1,101.1
283,Deon Cain\CainDe00,2TM,23,,13,6,20,9,124,0,7,102,11.3,22,2.4,11.4,0,,1,5.0,,65.4
284,Jaeden Graham\GrahJa01,ATL,24,,16,0,10,9,149,1,7,76,8.4,73,8.1,8.6,1,9.0,0,0.0,0,152.1
285,Virgil Green\GreeVi00,LAC,31,,15,4,13,9,78,1,4,39,4.3,39,4.3,4.8,1,9.0,0,0.0,0,110.4
286,Andy Isabella\IsabAn00,ARI,23,,15,1,13,9,189,1,4,49,5.4,140,15.6,6.3,2,4.5,0,0.0,0,137.5
287,DeSean Jackson\JackDe00,PHI,33,,3,3,10,9,159,2,6,144,16.0,15,1.7,14.7,1,9.0,1,10.0,0,158.3
288,Justin Jackson\JackJu01,LAC,24,,7,0,11,9,22,0,0,-16,-1.8,38,4.2,-1.1,1,9.0,0,0.0,0,79.2
289,Joshua Perkins\PerkJo02,PHI,26,,5,0,13,9,87,1,5,61,6.8,26,2.9,9.5,0,,0,0.0,0,113.3
290,Kalif Raymond\RaymKa00,TEN,25,,8,1,12,9,170,1,6,156,17.3,14,1.6,18.3,0,,0,0.0,1,109.7
291,Adam Shaheen\ShahAd00,CHI,25,,8,2,13,9,74,0,3,36,4.0,38,4.2,3.8,1,9.0,0,0.0,0,83.5
292,Wendell Smallwood\SmalWe00,WAS,25,,15,0,13,9,64,0,4,14,1.6,50,5.6,2.2,0,,1,7.7,0,80.3
293,Darwin Thompson\ThomDa06,KAN,23,,12,0,10,9,43,0,2,-19,-2.1,62,6.9,-1.6,1,9.0,1,10.0,0,84.6
294,Laquon Treadwell\TreaLa00,MIN,24,,13,1,16,9,184,1,8,127,14.1,57,6.3,11.9,1,9.0,2,12.5,0,117.7
295,Damion Willis\WillDa11,CIN,22,,10,2,16,9,82,0,3,57,6.3,25,2.8,10.6,1,9.0,3,18.8,0,70.3
296,Mo Alie-Cox\AlieMo00,IND,26,,16,2,11,8,93,0,5,33,4.1,60,7.5,4.4,0,,0,0.0,0,97.9
297,Dan Arnold\ArnoDa00,2TM,24,,5,1,14,8,127,2,6,98,12.3,29,3.6,13.0,0,,0,0.0,,127.1
298,Blake Bell\BellBl00,KAN,28,TE,15,7,15,8,67,0,3,58,7.3,9,1.1,6.6,1,8.0,3,20.0,0,65.1
299,Antonio Callaway\CallAn00,CLE,22,,4,2,15,8,89,0,3,45,5.6,44,5.5,10.2,0,,2,13.3,2,31.7
300,Tyler Conklin\ConkTy00,MIN,24,,15,1,10,8,58,0,2,40,5.0,18,2.3,6.1,0,,0,0.0,0,90.8
301,Trevor Davis\DaviTr03,3TM,26,,14,4,11,8,111,0,4,46,5.8,65,8.1,9.1,1,8.0,0,0.0,,104.7
302,Hale Hentges\HentHa00,WAS,23,,11,4,14,8,103,1,6,56,7.0,47,5.9,7.6,0,,2,14.3,0,104.2
303,Justice Hill\HillJu00,BAL,22,,16,0,15,8,70,0,5,-11,-1.4,81,10.1,1.5,0,,0,0.0,0,66.0
304,Chris Hogan\HogaCh00,CAR,32,,7,1,15,8,67,0,3,38,4.8,29,3.6,8.1,0,,0,0.0,1,37.4
305,Jesper Horsted\HorsJe00,CHI,22,,6,1,10,8,87,1,4,57,7.1,30,3.8,6.6,1,8.0,0,0.0,0,136.2
306,Rashaad Penny\PennRa00,SEA,23,,10,0,11,8,83,1,3,-8,-1.0,91,11.4,2.3,0,,0,0.0,0,124.4
307,Patrick Ricard*\RicaPa00,BAL,25,FB,16,7,11,8,47,1,3,-5,-0.6,52,6.5,-0.1,1,8.0,1,9.1,0,110.8
308,Luke Stocker\StocLu00,ATL,31,te,15,9,14,8,53,0,2,17,2.1,36,4.5,4.3,0,,2,14.3,2,25.9
309,Tommy Sweeney\SweeTo00,BUF,24,,6,1,13,8,114,0,4,76,9.5,38,4.8,9.1,1,8.0,1,7.7,0,89.9
310,Ryan Switzer\SwitRy00,PIT,25,,9,0,11,8,27,0,2,10,1.3,17,2.1,1.5,0,,0,0.0,0,75.2
311,Luke Willson\WillLu00,SEA,29,te,8,7,10,8,79,0,5,41,5.1,38,4.8,7.2,1,8.0,0,0.0,0,99.6
312,Brandon Zylstra\ZylsBr00,CAR,26,,8,0,12,8,106,0,5,96,12.0,10,1.3,13.3,0,,0,0.0,0,94.4
313,Daniel Brown\BrowDa04,NYJ,27,wr,16,5,11,7,72,1,4,51,7.3,21,3.0,10.1,0,,1,9.1,1,74.8
314,Mike Davis\DaviMi01,2TM,26,,12,1,8,7,22,0,1,-5,-0.7,27,3.9,0.8,0,,0,0.0,,79.2
315,Gus Edwards\EdwaGu00,BAL,24,,16,1,7,7,45,0,2,0,0.0,45,6.4,0.0,0,,0,0.0,0,93.5
316,Myles Gaskin\GaskMy00,MIA,22,,7,0,12,7,51,0,2,5,0.7,46,6.6,0.2,0,,2,16.7,0,68.4
317,Derrius Guice\GuicDe00,WAS,22,,5,1,9,7,79,1,2,-7,-1.0,86,12.3,-0.3,0,,1,11.1,0,140.3
318,Marvin Hall\HallMa02,DET,26,,9,0,11,7,261,1,7,225,32.1,36,5.1,27.6,0,,0,0.0,1,99.6
319,J.P. Holtz\HoltJ.01,2TM,26,,15,7,8,7,91,0,4,12,1.7,79,11.3,2.0,1,7.0,1,12.5,,114.1
320,Bilal Powell\PoweBi00,NYJ,31,,13,1,12,7,33,0,0,-12,-1.7,45,6.4,1.8,1,7.0,3,25.0,0,63.2
321,Durham Smythe\SmytDu00,MIA,24,TE,16,14,14,7,65,0,2,55,7.9,10,1.4,9.9,0,,1,7.1,1,33.3
322,Danny Vitale\VitaDa00,GNB,26,,15,4,12,7,97,0,3,41,5.9,56,8.0,6.8,0,,1,8.3,0,84.4
323,Jordan Wilkins\WilkJo01,IND,25,,14,1,11,7,43,0,1,11,1.6,32,4.6,1.4,1,7.0,1,9.1,0,71.4
324,Kenjon Barner\BarnKe00,ATL,29,,14,0,8,6,22,0,1,-5,-0.8,27,4.5,-0.4,0,,0,0.0,0,77.1
325,Travis Benjamin\BenjTr00,LAC,30,,5,2,16,6,30,0,3,11,1.8,19,3.2,12.9,1,6.0,2,12.5,0,45.8
326,Braxton Berrios\BerrBr00,NYJ,24,,16,0,13,6,115,0,3,28,4.7,87,14.5,8.2,1,6.0,1,7.7,0,77.4
327,Reggie Bonnafon\BonnRe00,CAR,23,,16,0,9,6,57,0,1,5,0.8,52,8.7,2.9,0,,1,11.1,1,44.4
328,Devontae Booker\BookDe00,DEN,27,,16,0,9,6,57,0,1,13,2.2,44,7.3,4.0,0,,1,11.1,0,84.0
329,Ben Braunecker\BrauBe00,CHI,25,,11,3,11,6,59,1,5,34,5.7,25,4.2,10.1,0,,1,9.1,0,100.2
330,Trey Edmunds\EdmuTr00,PIT,25,,11,0,7,6,48,0,2,6,1.0,42,7.0,0.9,0,,0,0.0,0,95.2
331,Troy Fumagalli\FumaTr00,DEN,24,te,11,5,9,6,38,1,1,24,4.0,14,2.3,4.6,0,,0,0.0,0,112.3
332,Deonte Harris*+\HarrDe07,NOR,22,,14,1,6,6,24,0,2,-13,-2.2,37,6.2,-2.2,1,6.0,0,0.0,0,83.3
333,Alec Ingold\IngoAl01,OAK,23,,16,4,6,6,44,1,4,6,1.0,38,6.3,1.0,0,,0,0.0,0,136.8
334,Ryan Izzo\IzzoRy00,NWE,24,,6,4,9,6,114,1,4,64,10.7,50,8.3,8.7,0,,0,0.0,0,146.8
335,Richie James\JameRi00,SFO,24,,16,1,10,6,165,1,5,62,10.3,103,17.2,11.9,0,,0,0.0,1,97.9
336,D'Ernest Johnson\JohnDE04,CLE,23,,16,0,7,6,71,0,1,28,4.7,43,7.2,4.9,1,6.0,0,0.0,0,108.9
337,Tyler Kroft\KrofTy00,BUF,27,,11,3,14,6,71,1,5,44,7.3,27,4.5,7.3,0,,1,7.1,0,82.7
338,Zach Line\LineZa01,NOR,29,,12,2,10,6,36,0,1,-9,-1.5,45,7.5,3.1,0,,0,0.0,1,27.5
339,Andre Patton\PattAn00,LAC,25,WR,13,5,17,6,56,0,4,28,4.7,28,4.7,16.0,0,,0,0.0,1,20.7
340,MyCole Pruitt\PruiMy00,TEN,27,TE,16,10,8,6,90,1,4,25,4.2,65,10.8,3.8,0,,0,0.0,0,151.0
341,Riley Ridley\RidlRi00,CHI,23,,5,0,7,6,69,0,4,54,9.0,15,2.5,8.9,0,,0,0.0,0,107.7
342,Diontae Spencer\SpenDi00,DEN,27,,16,2,8,6,31,0,1,-2,-0.3,33,5.5,6.1,0,,1,12.5,0,80.7
343,Darren Sproles\SproDa00,PHI,36,,6,1,10,6,24,0,1,-1,-0.2,25,4.2,1.5,0,,3,30.0,0,64.6
344,Marcell Ateman\AtemMa00,OAK,25,,11,0,10,5,116,0,4,97,19.4,19,3.8,12.8,0,,1,10.0,0,92.1
345,Stephen Carlson\CarlSt00,CLE,23,te,9,5,7,5,51,1,2,30,6.0,21,4.2,7.3,1,5.0,0,0.0,0,131.5
346,Patrick DiMarco\DiMaPa00,BUF,30,fb,16,4,7,5,41,0,1,10,2.0,31,6.2,4.6,0,,1,14.3,0,86.0
347,Andy Janovich\JanoAn00,DEN,26,,7,3,5,5,42,0,1,9,1.8,33,6.6,1.8,0,,0,0.0,0,101.7
348,David Njoku\NjokDa00,CLE,23,,4,1,10,5,41,1,3,25,5.0,16,3.2,6.4,0,,2,20.0,1,54.6
349,Drew Sample\SampDr00,CIN,23,,9,2,6,5,30,0,1,14,2.8,16,3.2,6.5,0,,0,0.0,0,87.5
350,Devin Smith\SmitDe04,DAL,27,,4,2,9,5,113,1,4,81,16.2,32,6.4,19.9,1,5.0,0,0.0,0,137.5
351,Spencer Ware\WareSp00,KAN,28,,3,1,7,5,22,0,1,7,1.4,15,3.0,0.3,0,,0,0.0,0,74.7
352,Jonathan Williams\WillJo07,IND,25,,9,1,5,5,59,0,3,-5,-1.0,64,12.8,-1.0,0,,0,0.0,0,115.8
353,Cedrick Wilson\WilsCe01,DAL,24,,6,0,8,5,46,0,2,35,7.0,11,2.2,16.8,0,,0,0.0,0,78.1
354,Nick Bawden\BawdNi00,DET,23,,10,2,6,4,17,0,1,-3,-0.8,20,5.0,0.0,0,,0,0.0,0,70.1
355,Khari Blasingame\BlasKh00,TEN,23,,6,3,5,4,54,0,2,21,5.3,33,8.3,4.0,0,,1,20.0,0,111.7
356,Antonio Brown\BrowAn04,NWE,31,,1,0,8,4,56,1,3,49,12.3,7,1.8,11.5,1,4.0,0,0.0,0,112.5
357,Tra Carson\CarsTr01,2TM,27,,3,1,4,4,18,0,0,4,1.0,14,3.5,1.0,0,,0,0.0,,85.4
358,Michael Crabtree\CrabMi00,ARI,32,,2,1,5,4,22,0,,17,4.3,5,1.3,5.2,0,,0,0.0,0,85.0
359,Ryan Grant\GranRy01,OAK,29,,2,1,9,4,14,0,1,9,2.3,5,1.3,3.9,0,,0,0.0,1,12.0
360,Darrell Henderson\HendDa00,LAR,22,,13,0,6,4,37,0,1,0,0.0,37,9.3,0.5,0,,1,16.7,0,83.3
361,Rashard Higgins\HiggRa00,CLE,25,,10,1,11,4,55,1,3,46,11.5,9,2.3,10.5,0,,1,9.1,0,83.5
362,KhaDarel Hodge\HodgKh00,CLE,24,,16,1,10,4,76,0,3,67,16.8,9,2.3,16.1,0,,1,10.0,1,27.5
363,Tevin Jones\JoneTe02,PIT,27,,5,0,10,4,61,0,1,50,12.5,11,2.8,12.4,0,,2,20.0,3,21.2
364,Jordan Matthews\MattJo00,2TM,27,,3,1,12,4,33,0,1,26,6.5,7,1.8,14.6,0,,0,0.0,,42.4
365,Donte Moncrief\MoncDo00,2TM,26,,8,2,15,4,18,0,1,15,3.8,3,0.8,13.5,0,,4,26.7,,39.6
366,Johnny Mundt\MundJo00,LAR,25,,13,2,7,4,26,0,1,16,4.0,10,2.5,3.4,0,,1,14.3,0,65.2
367,JJ Nelson\NelsJJ00,OAK,27,,2,1,5,4,36,1,1,21,5.3,15,3.8,5.2,0,,0,0.0,0,136.2
368,Trent Sherfield\SherTr00,ARI,23,,16,1,13,4,80,0,4,70,17.5,10,2.5,15.0,0,,1,7.7,1,21.3
369,Lee Smith\SmitLe00,BUF,32,wr,16,5,5,4,31,1,2,22,5.5,9,2.3,6.4,0,,1,20.0,0,132.1
370,Ross Travis\TravRo00,IND,26,,3,1,6,4,51,0,1,20,5.0,31,7.8,3.7,0,,0,0.0,0,93.1
371,Clive Walford\WalfCl00,MIA,28,,7,3,8,4,57,0,4,30,7.5,27,6.8,10.0,0,,3,37.5,0,73.4
372,DeAndrew White\WhitDe01,CAR,28,,10,0,9,4,51,0,3,23,5.8,28,7.0,14.8,0,,0,0.0,3,23.1
373,Mike Boone\BoonMi00,MIN,24,,16,2,4,3,17,0,0,-9,-3.0,26,8.7,-1.3,1,3.0,1,25.0,1,42.7
374,Cody Core\CoreCo00,NYG,25,,16,0,5,3,28,0,2,25,8.3,3,1.0,6.4,0,,0,0.0,0,75.4
375,Geremy Davis\DaviGe00,LAC,27,,7,1,3,3,38,0,1,36,12.0,2,0.7,12.0,0,,0,0.0,0,118.7
376,Robert Foster\FostRo01,BUF,25,,13,2,18,3,64,0,3,32,10.7,32,10.7,25.1,0,,0,0.0,1,18.8
377,Devin Funchess\FuncDe00,IND,25,,1,1,5,3,32,0,2,26,8.7,6,2.0,9.8,0,,1,20.0,0,78.7
378,Jon Hilliman\HillJo03,NYG,24,,3,1,4,3,1,0,0,-9,-3.0,10,3.3,-0.3,0,,0,0.0,0,77.1
379,Johnny Holton\HoltJo00,PIT,28,,16,3,15,3,21,0,1,11,3.7,10,3.3,25.4,0,,0,0.0,1,11.8
380,T.J. Jones\JoneT.00,NYG,27,,3,0,4,3,38,1,2,15,5.0,23,7.7,7.5,0,,0,0.0,0,143.7
381,Lance Kendricks\KendLa00,LAC,31,,12,1,7,3,50,0,3,43,14.3,7,2.3,10.6,0,,0,0.0,0,67.6
382,Chris Lacy\LacyCh00,DET,23,,7,2,10,3,60,0,2,51,17.0,9,3.0,13.4,0,,1,10.0,1,12.5
383,Marqise Lee\LeexMa00,JAX,28,,6,1,4,3,18,0,2,13,4.3,5,1.7,4.5,0,,0,0.0,0,83.3
384,Chris Moore\MoorCh00,BAL,26,,14,1,5,3,21,0,,11,3.7,10,3.3,12.2,0,,0,0.0,0,69.6
385,Stanley Morgan Jr.\MorgSt02,CIN,23,,11,0,10,3,18,0,,8,2.7,10,3.3,5.7,0,,0,0.0,0,39.6
386,Josh Oliver\OlivJo00,JAX,22,,4,1,6,3,15,0,,10,3.3,5,1.7,7.3,0,,1,16.7,1,16.7
387,Devine Ozigbo\OzigDe01,JAX,23,,10,0,5,3,23,0,1,3,1.0,20,6.7,1.2,0,,1,20.0,0,71.2
388,Andre Roberts*\RobeAn00,BUF,31,,13,0,7,3,20,0,1,15,5.0,5,1.7,15.6,0,,1,14.3,0,50.3
389,Russell Shepard\ShepRu00,NYG,29,,3,0,8,3,25,0,1,12,4.0,13,4.3,9.0,0,,1,12.5,0,46.4
390,Benny Snell Jr.\SnelBe00,PIT,21,,13,2,4,3,23,0,0,1,0.3,22,7.3,-0.5,0,,0,0.0,0,88.5
391,Derek Watt\WattDe00,LAC,27,,16,2,5,3,32,0,1,4,1.3,28,9.3,2.0,0,,1,20.0,0,78.7
392,Bobo Wilson\WilsJe00,TAM,24,,6,1,11,3,35,0,2,32,10.7,3,1.0,12.3,0,,1,9.1,2,0.8
393,Jeff Wilson\WilsJe01,SFO,24,,10,0,5,3,34,1,1,13,4.3,21,7.0,2.4,0,,1,20.0,0,120.0
394,Deon Yelder\YeldDe00,KAN,24,,9,1,4,3,50,0,2,18,6.0,32,10.7,9.5,0,,0,0.0,0,116.7
395,Olamide Zaccheaus\ZaccOl01,ATL,22,,10,0,5,3,115,1,2,52,17.3,63,21.0,13.8,1,3.0,0,0.0,0,143.7
396,Alex Armah\ArmaAl00,CAR,25,,16,1,2,2,6,0,0,-1,-0.5,7,3.5,-0.5,0,,0,0.0,0,79.2
397,Chad Beebe\BeebCh00,MIN,25,,3,0,2,2,70,0,2,4,2.0,66,33.0,2.0,1,2.0,0,0.0,0,118.7
398,Josh Bellamy\BellJo02,NYJ,30,,7,0,3,2,20,0,1,10,5.0,10,5.0,7.7,0,,1,33.3,0,85.4
399,Nick Bellore\BellNi01,SEA,30,,14,1,2,2,23,1,2,2,1.0,21,10.5,1.0,0,,0,0.0,0,154.2
400,C.J. Board\BoarC.00,JAX,26,,4,0,4,2,31,0,1,25,12.5,6,3.0,7.8,0,,0,0.0,0,76.0
401,Fred Brown\BrowFr01,DEN,26,,13,1,3,2,21,0,1,21,10.5,0,0.0,11.3,0,,1,33.3,0,86.8
402,Malcolm Brown\BrowMa03,LAR,26,,14,1,6,2,16,0,0,9,4.5,7,3.5,0.0,0,,1,16.7,2,2.8
403,Pharaoh Brown\BrowPh01,CLE,25,TE,9,6,3,2,27,0,1,13,6.5,14,7.0,9.0,1,2.0,0,0.0,0,95.1
404,Deontay Burnett\BurnDe00,PHI,22,,1,1,4,2,48,0,1,42,21.0,6,3.0,22.0,0,,0,0.0,0,93.7
405,Cethan Carter\CartCe00,CIN,24,,15,0,3,2,13,1,2,8,4.0,5,2.5,2.7,0,,0,0.0,0,115.3
406,Robert Davis\DaviRo00,2TM,24,,6,3,5,2,17,0,2,15,7.5,2,1.0,7.2,0,,0,0.0,,49.6
407,Ashton Dulin\DuliAs00,IND,22,,13,0,2,2,17,0,,-6,-3.0,23,11.5,-3.0,0,,0,0.0,0,102.1
408,Tyler Ervin\ErviTy00,2TM,26,,10,0,4,2,11,0,1,-1,-0.5,12,6.0,14.8,0,,0,0.0,,56.2
409,Rico Gafford\GaffRi00,OAK,23,,4,1,2,2,66,1,2,49,24.5,17,8.5,24.5,0,,0,0.0,0,158.3
410,Wes Hills\HillWe00,DET,24,,1,1,2,2,1,0,0,-2,-1.0,3,1.5,-1.0,0,,0,0.0,0,79.2
411,Alexander Hollins\HollAl00,MIN,23,,4,1,4,2,46,0,2,40,20.0,6,3.0,18.8,0,,1,25.0,0,91.7
412,Cody Hollister\HollCo00,TEN,26,,5,0,2,2,13,0,,10,5.0,3,1.5,5.0,0,,0,0.0,0,93.7
413,Tanner Hudson\HudsTa00,TAM,25,,9,1,5,2,26,0,1,24,12.0,2,1.0,11.0,0,,1,20.0,0,57.1
414,Ishmael Hyman\HymaIs00,TAM,24,,2,1,4,2,34,0,2,33,16.5,1,0.5,14.5,0,,1,25.0,1,39.6
415,Darius Jennings\JennDa00,TEN,27,,8,0,5,2,17,0,2,3,1.5,14,7.0,15.4,0,,0,0.0,1,10.0
416,T.J. Logan\LogaT.00,TAM,25,,12,0,3,2,13,0,1,4,2.0,9,4.5,10.0,0,,0,0.0,0,75.7
417,Steven Mitchell\MitcSt02,HOU,25,,3,1,6,2,37,0,2,23,11.5,14,7.0,16.8,0,,0,0.0,0,55.6
418,Jason Moore\MoorJa02,LAC,24,,10,0,5,2,43,0,2,37,18.5,6,3.0,23.8,0,,0,0.0,0,71.2
419,Isaac Nauta\NautIs00,DET,22,,6,0,3,2,13,0,1,5,2.5,8,4.0,1.3,0,,1,33.3,0,75.7
420,Roosevelt Nix\NixxRo01,PIT,27,,3,0,3,2,4,0,,-5,-2.5,9,4.5,0.7,0,,0,0.0,0,70.1
421,Gunner Olszewski\OlszGu00,NWE,23,,8,0,4,2,34,0,1,18,9.0,16,8.0,6.0,0,,0,0.0,0,79.2
422,Elijhaa Penny\PennEl00,NYG,26,,16,1,4,2,9,0,0,-13,-6.5,22,11.0,-2.5,0,,0,0.0,0,56.2
423,Troymaine Pope\PopeTr00,LAC,26,,14,0,3,2,14,1,1,3,1.5,11,5.5,0.0,0,,1,33.3,0,116.7
424,Eric Saubert\SaubEr00,CHI,25,,2,0,3,2,21,0,1,3,1.5,18,9.0,3.0,0,,1,33.3,0,86.8
425,Da'Mari Scott\ScotDa02,NYG,24,,5,2,3,2,22,0,2,8,4.0,14,7.0,6.3,0,,1,33.3,0,88.2
426,Anthony Sherman\SherAn00,KAN,31,,16,0,3,2,22,0,2,-1,-0.5,23,11.5,3.3,0,,1,33.3,0,88.2
427,Scott Simonson\SimoSc00,NYG,27,,5,1,2,2,11,0,1,8,4.0,3,1.5,4.0,0,,0,0.0,0,89.6
428,Cam Sims\SimsCa00,WAS,23,,7,1,3,2,27,0,1,19,9.5,8,4.0,11.7,0,,0,0.0,0,95.1
429,Mike Thomas\ThomMi04,LAR,25,,16,0,5,2,14,0,1,4,2.0,10,5.0,10.4,0,,1,20.0,0,47.9
430,Levine Toilolo\ToilLe00,SFO,28,,13,0,2,2,10,0,,-3,-1.5,13,6.5,-1.5,1,2.0,0,0.0,0,87.5
431,Michael Walker\WalkMi00,JAX,23,,7,0,3,2,15,0,1,8,4.0,7,3.5,4.0,0,,0,0.0,0,78.5
432,Trevon Wesco\WescTr00,NYJ,24,,16,1,3,2,47,0,2,7,3.5,40,20.0,2.7,0,,0,0.0,0,109.7
433,Zach Zenner\ZennZa00,3TM,28,,5,0,3,2,19,0,2,0,0.0,19,9.5,1.7,0,,1,33.3,,84.0
434,Jamal Agnew\AgneJa00,DET,24,,13,0,2,1,-2,0,0,-3,-3.0,1,1.0,14.5,0,,0,0.0,0,56.2
435,Javorius Allen\AlleJa01,NYG,28,,10,0,2,1,9,0,0,5,5.0,4,4.0,5.5,0,,0,0.0,0,62.5
436,Antony Auclair\AuclAn00,TAM,26,te,8,5,3,1,11,0,1,3,3.0,8,8.0,0.7,0,,0,0.0,0,45.1
437,David Blough\BlouDa00,DET,24,qb,5,5,1,1,19,1,1,14,14.0,5,5.0,14.0,0,,0,0.0,0,158.3
438,Garrett Bradbury\BradGa00,MIN,24,C,16,16,1,1,-4,0,,0,0.0,-4,-4.0,0.0,0,,0,0.0,0,79.2
439,Jacoby Brissett\BrisJa00,IND,27,QB,15,15,1,1,2,0,0,0,0.0,2,2.0,0.0,0,,0,0.0,0,79.2
440,Ventell Bryant\BryaVe00,DAL,23,,12,0,1,1,15,1,1,15,15.0,0,0.0,15.0,0,,0,0.0,0,158.3
441,Kevin Byard\ByarKe01,TEN,26,FS,16,16,1,1,11,0,1,3,3.0,8,8.0,3.0,0,,0,0.0,0,112.5
442,Austin Carr\CarrAu00,NOR,26,,6,3,4,1,9,0,1,5,5.0,4,4.0,10.3,0,,1,25.0,0,39.6
443,Sean Culkin\CulkSe00,LAC,26,,4,2,2,1,12,0,1,12,12.0,0,0.0,9.5,0,,1,50.0,0,68.7
444,Andy Dalton\DaltAn00,CIN,32,QB,13,13,1,1,-4,0,0,-8,-8.0,4,4.0,-8.0,0,,0,0.0,0,79.2
445,Darrell Daniels\DaniDa02,ARI,25,,11,0,3,1,4,0,1,4,4.0,0,0.0,7.3,0,,0,0.0,0,42.4
446,Cody Davis\DaviCo02,JAX,30,,16,0,1,1,7,0,1,2,2.0,5,5.0,2.0,0,,0,0.0,0,95.8
447,Rashard Davis\DaviRa01,TEN,25,,1,0,1,1,16,0,1,16,16.0,0,0.0,16.0,0,,0,0.0,0,118.7
448,Dion Dawkins\DawkDi00,BUF,25,LT,16,16,1,1,1,1,1,1,1.0,0,0.0,1.0,0,,0,0.0,0,118.7
449,Michael Deiter\DeitMi00,MIA,23,LG,16,15,1,1,0,0,,0,0.0,0,0.0,0.0,0,,0,0.0,0,79.2
450,Jeff Driskel\DrisJe00,DET,26,,3,3,1,1,6,0,0,-3,-3.0,9,9.0,-3.0,0,,0,0.0,0,91.7
451,Quincy Enunwa\EnunQu00,NYJ,27,,1,1,3,1,-4,0,,0,0.0,-4,-4.0,11.7,0,,0,0.0,0,42.4
452,Zach Gentry\GentZa00,PIT,23,,4,0,1,1,4,0,1,2,2.0,2,2.0,2.0,1,1.0,0,0.0,0,83.3
453,Cyril Grayson\GrayCy01,TAM,26,,2,0,1,1,3,0,,2,2.0,1,1.0,2.0,0,,0,0.0,0,79.2
454,Xavier Grimble\GrimXa00,PIT,27,,3,1,3,1,3,0,,1,1.0,2,2.0,3.0,0,,1,33.3,0,42.4
455,Dwayne Harris\HarrDw00,OAK,32,,3,0,1,1,7,0,,0,0.0,7,7.0,0.0,0,,0,0.0,0,95.8
456,Chris Herndon\HernCh00,NYJ,23,,1,0,2,1,7,0,,2,2.0,5,5.0,6.0,0,,0,0.0,0,58.3
457,Krishawn Hogan\HogaKr00,NOR,24,,8,0,1,1,4,0,,2,2.0,2,2.0,2.0,0,,0,0.0,0,83.3
458,Jakob Johnson\JohnJa12,NWE,25,FB,4,3,2,1,5,0,,4,4.0,1,1.0,3.5,0,,0,0.0,0,56.2
459,Charles Jones\JoneCh10,JAX,23,,4,0,1,1,5,0,,3,3.0,2,2.0,3.0,0,,0,0.0,0,87.5
460,Taiwan Jones\JoneTa00,HOU,31,,11,0,1,1,9,0,0,-3,-3.0,12,12.0,-3.0,0,,0,0.0,0,104.2
461,Dennis Kelly\KellDe00,TEN,29,,15,4,1,1,1,1,1,1,1.0,0,0.0,1.0,0,,0,0.0,0,118.7
462,Ben Koyack\KoyaBe00,JAX,26,te,11,6,3,1,9,0,,6,6.0,3,3.0,1.7,0,,1,33.3,0,42.4
463,Chris Manhertz\ManhCh00,CAR,27,te,15,6,1,1,11,0,1,2,2.0,9,9.0,2.0,0,,0,0.0,0,112.5
464,Codey McElroy\McElCo00,TAM,27,,1,0,1,1,30,0,1,30,30.0,0,0.0,30.0,0,,0,0.0,0,118.7
465,Kaleb McGary\McGaKa00,ATL,24,RT,16,16,1,1,-3,0,,-3,-3.0,0,0.0,-3.0,0,,0,0.0,0,79.2
466,Qadree Ollison\OlliQa00,ATL,23,,8,0,2,1,7,0,1,4,4.0,3,3.0,1.5,0,,1,50.0,0,58.3
467,Ricky Ortiz\OrtiRi00,NOR,25,,1,0,1,1,8,0,,1,1.0,7,7.0,1.0,1,1.0,0,0.0,0,100.0
468,Paul Perkins\PerkPa00,DET,25,,4,0,1,1,9,0,0,-1,-1.0,10,10.0,-1.0,0,,0,0.0,0,104.2
469,Senorise Perry\PerrSe00,BUF,28,,11,0,1,1,1,0,,-1,-1.0,2,2.0,-1.0,0,,0,0.0,0,79.2
470,David Quessenberry\QuesDa00,TEN,29,,4,0,1,1,1,1,1,1,1.0,0,0.0,1.0,0,,0,0.0,0,118.7
471,Elandon Roberts\RobeEl00,NWE,25,,16,3,1,1,38,1,1,7,7.0,31,31.0,7.0,1,1.0,0,0.0,0,158.3
472,Ty Sambrailo\SambTy00,ATL,27,,13,0,1,1,35,1,1,15,15.0,20,20.0,15.0,0,,0,0.0,0,158.3
473,Jason Sanders\SandJa00,MIA,24,,16,0,1,1,1,1,1,1,1.0,0,0.0,1.0,0,,0,0.0,0,118.7
474,Bo Scarbrough\ScarBo01,DET,23,rb,6,5,4,1,5,0,0,-3,-3.0,8,8.0,-2.0,0,,0,0.0,0,39.6
475,Dalton Schultz\SchuDa00,DAL,23,,16,0,2,1,6,0,,5,5.0,1,1.0,10.0,0,,0,0.0,0,56.2
476,Jaleel Scott\ScotJa02,BAL,24,,3,0,3,1,6,0,,0,0.0,6,6.0,13.0,0,,0,0.0,0,42.4
477,Nick Scott\ScotNi01,LAR,24,,16,0,1,1,23,0,1,3,3.0,20,20.0,3.0,0,,0,0.0,0,118.7
478,Darrius Shepherd\ShepDa00,GNB,24,,6,0,2,1,1,0,,-2,-2.0,3,3.0,4.0,0,,0,0.0,1,16.7
479,Jeff Smith\SmitJe03,NYJ,22,,1,0,2,1,12,0,1,12,12.0,0,0.0,24.0,0,,0,0.0,0,68.7
480,Keith Smith\SmitKe03,ATL,27,fb,16,5,3,1,13,0,1,0,0.0,13,13.0,7.0,0,,0,0.0,0,47.9
481,Tyrone Swoopes\SwooTy00,SEA,25,,5,2,1,1,5,0,,-2,-2.0,7,7.0,-2.0,0,,0,0.0,0,87.5
482,Wyatt Teller\TellWy00,CLE,25,RG,15,9,1,1,-5,0,,-5,-5.0,0,0.0,-5.0,0,,0,0.0,0,79.2
483,De'Anthony Thomas\ThomDe05,2TM,26,,14,0,2,1,6,0,0,3,3.0,3,3.0,-0.5,0,,1,50.0,,56.2
484,Jordan Thomas\ThomJo05,HOU,23,,5,2,3,1,8,0,,5,5.0,3,3.0,2.7,0,,0,0.0,0,42.4
485,Eric Tomlinson\TomlEr01,3TM,27,,8,3,1,1,1,0,,0,0.0,1,1.0,0.0,0,,0,0.0,,79.2
486,John Ursua\UrsuJo00,SEA,25,,3,0,1,1,11,0,1,11,11.0,0,0.0,11.0,0,,0,0.0,0,112.5
487,Vita Vea\VeaxVi00,TAM,24,NT,16,1,1,1,1,1,1,1,1.0,0,0.0,1.0,0,,0,0.0,0,118.7
488,Dwayne Washington\WashDw00,NOR,25,,16,0,1,1,6,0,0,-5,-5.0,11,11.0,-5.0,0,,0,0.0,0,91.7
489,Deshaun Watson *\WatsDe00,HOU,24,QB,15,15,1,1,6,1,1,0,0.0,6,6.0,0.0,0,,0,0.0,0,131.2
490,Kerrith Whyte Jr\WhytKe00,PIT,23,,6,0,1,1,9,0,1,-2,-2.0,11,11.0,-2.0,0,,0,0.0,0,104.2
491,Christian Wilkins\WilkCh00,MIA,24,RDE,16,14,1,1,1,1,1,0,0.0,1,1.0,0.0,0,,0,0.0,0,118.7